order_id,customer_id,booking_date,travel_date,destination,package_type,booking_channel,quantity,booking_amount,discount_amount,booking_status,payment_method,agent_name,trip_duration_days
ORD00001,C0040,2024-08-17,2025-04-21,London,Luxury,Mobile App,1,4150,195,Cancelled,Bank Transfer,Bob,14
ORD00002,C0110,2025-09-28,2026-09-21,Bangkok,Standard,Agent,3,4795,7,Completed,UPI,Charlie,7
ORD00003,C0090,2024-07-04,2025-05-27,Bangkok,Luxury,Mobile App,1,250,36,Pending,Bank Transfer,Alice,3
ORD00004,C0192,2024-08-08,2026-01-21,Dubai,Premium,Mobile App,0,4545,94,Cancelled,Bank Transfer,Charlie,14
ORD00005,C0146,2024-02-23,2025-06-09,Paris,Luxury,Website,1,895,69,Cancelled,Bank Transfer,Dana,9
ORD00006,C0156,2025-02-28,2025-10-07,Paris,Luxury,Website,3,3821,110,Completed,UPI,Dana,10
ORD00007,C0171,2024-02-16,2025-08-14,Dubai,Luxury,Website,1,2726,52,Cancelled,Card,Bob,14
ORD00008,C0066,2024-12-01,2025-05-03,Tokyo,Premium,Agent,4,2571,44,Completed,UPI,Bob,10
ORD00009,C0144,2024-03-14,2026-02-11,Tokyo,Premium,Website,4,3101,19,Cancelled,Bank Transfer,Dana,11
ORD00010,C0104,2024-10-23,2025-04-28,Dubai,Standard,Mobile App,2,3621,158,Cancelled,Bank Transfer,Charlie,3
ORD00011,C0112,2024-09-06,2026-03-23,Bangkok,Premium,Agent,1,-500,101,Cancelled,Bank Transfer,Charlie,5
ORD00012,C0086,2024-03-19,2026-06-07,Tokyo,Luxury,Agent,2,1577,198,Cancelled,UPI,Bob,5
ORD00013,C0027,2024-09-19,2025-07-22,Paris,Luxury,Website,1,1399,45,Pending,UPI,Dana,14
ORD00014,C0145,2025-04-04,2026-11-29,Bangkok,Luxury,Agent,5,4947,82,Pending,UPI,Bob,9
ORD00015,C0018,2025-03-28,2026-10-09,London,Premium,Agent,1,4041,90,Pending,Card,Charlie,9
ORD00016,C0116,2024-02-28,2026-01-13,London,Standard,Agent,1,508,157,Pending,Bank Transfer,Dana,9
ORD00017,C0149,2024-02-12,2026-04-06,Bangkok,Luxury,Website,3,4740,154,Cancelled,Bank Transfer,Bob,2
ORD00018,C0116,2024-12-17,2025-03-28,Bangkok,Luxury,Website,1,1047,63,Pending,UPI,Dana,10
ORD00019,C0134,2025-01-07,2026-01-17,London,Premium,Mobile App,3,1500,173,Pending,Card,Charlie,3
ORD00020,C0085,2025-07-25,2026-11-26,Dubai,Premium,Mobile App,5,974,38,Cancelled,Card,Bob,7
ORD00021,C0080,2024-05-12,2026-09-02,Tokyo,Premium,Agent,4,0,164,Completed,Card,Alice,12
ORD00022,C0172,2025-06-04,2026-01-06,Tokyo,Premium,Mobile App,2,3668,54,Cancelled,UPI,Bob,5
ORD00023,C0036,2024-03-20,2025-10-30,Tokyo,Luxury,Agent,5,1469,9,Pending,UPI,Bob,11
ORD00024,C0097,2024-06-15,2025-07-05,Bangkok,Standard,Agent,4,1463,11,Cancelled,UPI,Bob,9
ORD00025,C0157,2025-04-04,2025-08-28,Bangkok,Standard,Mobile App,4,2534,49,Cancelled,Bank Transfer,Dana,9
ORD00026,C0197,2025-01-26,2026-05-30,Bangkok,Premium,Website,2,2508,154,Completed,UPI,Alice,12
ORD00027,C0124,2025-07-21,2025-04-16,Bangkok,Standard,Mobile App,1,3240,195,Completed,UPI,Dana,10
ORD00028,C0038,2024-04-03,2025-08-16,Dubai,Premium,Website,4,3783,13,Cancelled,Bank Transfer,Charlie,5
ORD00029,C0099,2025-01-18,2025-08-18,Tokyo,Premium,Website,3,868,37,Completed,Card,Charlie,9
ORD00030,C0179,2025-04-25,2026-04-05,Bangkok,Standard,Website,1,1336,65,Completed,Card,Dana,3
ORD00031,C0199,2024-08-31,2025-11-05,Tokyo,Standard,Website,4,2560,163,Pending,UPI,Alice,3
ORD00032,C0128,2024-01-17,2026-10-10,Bangkok,Luxury,Website,2,4591,74,Cancelled,Card,Charlie,5
ORD00033,C0147,2024-07-10,2026-11-12,Tokyo,Luxury,Mobile App,1,3612,134,Pending,Bank Transfer,Alice,8
ORD00034,C0121,2025-10-12,2026-02-01,London,Premium,Agent,1,556,91,Completed,UPI,Bob,13
ORD00035,C0169,2025-08-18,2025-12-07,Paris,Standard,Mobile App,5,1049,86,Pending,Card,Dana,13
ORD00036,C0123,2024-05-18,2025-03-06,Dubai,Standard,Mobile App,2,1693,11,Completed,Card,Charlie,6
ORD00037,C0132,2025-07-10,2026-04-30,London,Standard,Agent,2,3462,73,Cancelled,Card,Charlie,6
ORD00038,C0032,2025-03-23,2026-02-14,Dubai,Premium,Mobile App,2,3214,127,Pending,UPI,Charlie,14
ORD00039,C0133,2024-03-25,2026-03-11,Tokyo,Premium,Agent,2,2384,139,Cancelled,UPI,Alice,3
ORD00040,C0084,2024-11-09,2026-04-02,Bangkok,Luxury,Mobile App,2,2621,176,Cancelled,UPI,Dana,2
ORD00041,C0187,2025-09-21,2026-03-22,London,Luxury,Website,1,3088,171,Pending,UPI,Charlie,10
ORD00042,C0192,2024-02-01,2025-05-27,Bangkok,Luxury,Mobile App,1,1510,32,Completed,Card,Charlie,7
ORD00043,C0099,2024-02-03,2026-09-12,Paris,Luxury,Mobile App,3,4846,95,Cancelled,Card,Bob,10
ORD00044,C0094,2024-11-17,2026-10-28,London,Standard,Website,1,3460,188,Completed,UPI,Dana,10
ORD00045,C0031,2024-09-23,2026-04-02,Paris,Luxury,Mobile App,4,2344,51,Completed,Card,Alice,9
ORD00046,C0045,2024-03-30,2026-11-30,London,Luxury,Mobile App,1,3846,140,Pending,UPI,Charlie,4
ORD00047,C0183,2025-01-05,2026-06-05,Paris,Standard,Website,2,1626,60,Cancelled,Card,Charlie,10
ORD00048,C0147,2025-04-23,2026-07-19,Paris,Luxury,Website,1,3222,79,Cancelled,Bank Transfer,Dana,10
ORD00049,C0106,2025-08-11,2025-03-17,Paris,Premium,Agent,1,3554,115,Cancelled,Bank Transfer,Charlie,4
ORD00050,C9050,2025-10-17,2026-08-25,Paris,Standard,Mobile App,5,4716,14,Completed,Bank Transfer,Bob,6
ORD00051,C0043,2024-11-26,2025-08-19,London,Luxury,Mobile App,1,1526,64,Completed,Bank Transfer,Charlie,4
ORD00052,C0161,2025-09-21,2026-07-01,Tokyo,Luxury,Agent,2,2680,151,Pending,Card,Bob,12
ORD00053,C0160,2025-07-31,2025-02-12,Tokyo,Standard,Website,5,2965,67,Pending,Card,Dana,11
ORD00054,C0164,2025-05-24,2026-10-05,Bangkok,Premium,Agent,3,448,123,Completed,Bank Transfer,Dana,6
ORD00055,C0117,2024-03-02,2025-06-11,Dubai,Premium,Mobile App,4,797,52,Cancelled,Bank Transfer,Bob,7
ORD00056,C0184,2024-12-19,2026-02-13,Paris,Premium,Agent,5,2815,27,Cancelled,Card,Dana,3
ORD00057,C0069,2024-09-10,2025-05-25,Tokyo,Standard,Mobile App,4,3883,157,Cancelled,Card,Bob,7
ORD00058,C0148,2024-07-13,2025-06-13,Dubai,Luxury,Mobile App,4,2761,78,Cancelled,Card,Alice,8
ORD00059,C0130,2024-09-03,2025-08-09,Bangkok,Premium,Website,1,3945,72,Cancelled,Bank Transfer,Dana,6
ORD00060,C0138,2024-04-20,2026-03-18,Paris,Premium,Agent,3,266,195,Cancelled,UPI,Alice,8
ORD00061,C0014,2025-07-29,2025-07-19,London,Luxury,Mobile App,1,4871,98,Pending,UPI,Charlie,11
ORD00062,C0175,2024-05-11,2025-04-10,Dubai,Premium,Mobile App,5,1173,93,Completed,Card,Dana,10
ORD00063,C0011,2024-02-09,2025-05-21,London,Premium,Agent,4,571,38,Pending,Bank Transfer,Bob,7
ORD00064,C0157,2024-06-15,2026-02-07,Bangkok,Luxury,Mobile App,5,2809,86,Pending,Bank Transfer,Dana,13
ORD00065,C0145,2025-05-01,2025-01-18,London,Premium,Agent,1,2655,106,Pending,UPI,Alice,11
ORD00066,C0122,2025-11-02,2026-08-16,Bangkok,Standard,Agent,1,2375,149,Cancelled,Card,Dana,4
ORD00067,C0175,2024-02-02,2026-08-10,Tokyo,Standard,Website,4,2184,80,Cancelled,Card,Dana,13
ORD00068,C0053,2025-05-28,2026-09-19,Dubai,Luxury,Agent,1,3561,180,Completed,Bank Transfer,Bob,10
ORD00069,C0084,2025-06-22,2026-01-21,London,Standard,Mobile App,5,4118,87,Pending,UPI,Charlie,11
ORD00070,C0124,2024-09-09,2025-10-13,Bangkok,Premium,Website,3,1775,197,Cancelled,Bank Transfer,Bob,13
ORD00071,C0181,2024-11-20,2026-05-07,London,Luxury,Agent,3,4205,73,Completed,Bank Transfer,Dana,8
ORD00072,C0089,2024-10-24,2025-02-13,London,Luxury,Website,3,1399,113,Pending,UPI,Dana,5
ORD00073,C0052,2024-10-04,2026-07-30,London,Standard,Website,5,4612,189,Pending,Card,Bob,2
ORD00074,C0172,2024-08-19,2026-10-16,Paris,Standard,Website,4,4550,84,Pending,UPI,Alice,12
ORD00075,C0198,2024-01-06,2026-07-18,Paris,Premium,Agent,4,1326,122,Pending,Card,Charlie,7
ORD00076,C0074,2024-04-01,2026-10-30,Bangkok,Standard,Agent,1,684,44,Cancelled,Card,Alice,8
ORD00077,C0127,2024-10-23,2025-02-08,Tokyo,Premium,Agent,5,1726,27,Cancelled,UPI,Dana,12
ORD00078,C0140,2025-05-20,2025-05-18,Bangkok,Premium,Mobile App,2,4495,28,Cancelled,Card,Dana,12
ORD00079,C0066,2024-01-15,2025-12-12,London,Luxury,Agent,2,1725,44,Pending,Bank Transfer,Dana,8
ORD00080,C0132,2024-03-29,2026-02-15,Tokyo,Standard,Website,4,2886,82,Completed,Card,Charlie,8
ORD00081,C0061,2024-09-30,2025-12-04,London,Luxury,Agent,5,3859,2,Cancelled,Bank Transfer,Charlie,13
ORD00082,C0061,2025-11-14,2025-05-02,Dubai,Premium,Website,4,708,175,Pending,Bank Transfer,Charlie,13
ORD00083,C0031,2025-01-11,2026-09-22,Paris,Standard,Website,4,2616,39,Cancelled,Bank Transfer,Charlie,8
ORD00084,C0180,2025-04-27,2026-07-05,Paris,Standard,Agent,5,4699,20,Pending,UPI,Charlie,3
ORD00085,C0145,2024-03-04,2026-07-15,Bangkok,Standard,Agent,5,1119,38,Completed,UPI,Dana,3
ORD00086,C0175,2025-08-20,2026-05-16,Tokyo,Luxury,Mobile App,1,1882,116,Completed,Bank Transfer,Dana,9
ORD00087,C0145,2025-07-26,2026-04-19,London,Luxury,Website,4,672,65,Completed,Bank Transfer,Bob,11
ORD00088,C0019,2025-03-09,2025-12-19,Tokyo,Luxury,Website,1,571,120,Completed,UPI,Dana,4
ORD00089,C0197,2025-10-18,2026-10-24,Dubai,Premium,Mobile App,4,1309,96,Cancelled,Card,Bob,12
ORD00090,C0090,2024-07-01,2026-07-05,Dubai,Luxury,Website,2,1171,0,Completed,UPI,Dana,12
ORD00091,C0185,2025-03-10,2026-06-29,Dubai,Standard,Website,4,4660,88,Completed,UPI,Bob,13
ORD00092,C0196,2024-02-02,2026-11-08,Dubai,Luxury,Website,2,1124,52,Completed,Card,Alice,9
ORD00093,C0154,2024-09-07,2025-02-15,Dubai,Premium,Website,5,598,55,Completed,Card,Charlie,5
ORD00094,C0188,2024-11-22,2026-08-15,Bangkok,Luxury,Mobile App,2,4919,77,Completed,Bank Transfer,Bob,8
ORD00095,C0077,2024-03-03,2026-07-25,Bangkok,Luxury,Website,4,2454,142,Cancelled,Card,Charlie,12
ORD00096,C0172,2025-06-21,2025-11-23,Dubai,Premium,Website,3,3322,96,Completed,Bank Transfer,Dana,5
ORD00097,C0058,2024-05-27,2026-04-20,Tokyo,Luxury,Mobile App,4,2663,142,Pending,Card,Dana,5
ORD00098,C0066,2024-12-04,2026-10-25,Tokyo,Premium,Mobile App,1,1865,137,Pending,Card,Alice,6
ORD00099,C0097,2024-03-15,2025-07-12,Bangkok,Luxury,Agent,5,523,55,Cancelled,Card,Charlie,6
ORD00100,C0004,2024-07-13,2025-05-01,Dubai,Standard,Agent,5,1935,180,Completed,UPI,Bob,10
ORD00101,C0083,2025-01-24,2026-04-23,Bangkok,Luxury,Mobile App,3,2518,66,Cancelled,Bank Transfer,Dana,9
ORD00102,C0026,2024-11-23,2025-07-28,London,Premium,Mobile App,1,4046,144,Completed,Bank Transfer,Bob,2
ORD00103,C0067,2025-08-21,2026-08-17,Dubai,Premium,Website,2,4732,84,Completed,UPI,Bob,9
ORD00104,C0141,2024-09-20,2026-05-16,Dubai,Premium,Website,3,2965,43,Completed,Bank Transfer,Dana,4
ORD00105,C0139,2025-06-20,2025-02-04,Tokyo,Luxury,Website,1,681,105,Completed,Bank Transfer,Bob,3
ORD00106,C0182,2024-01-10,2025-08-12,Bangkok,Premium,Mobile App,1,1437,158,Pending,Bank Transfer,Dana,12
ORD00107,C0125,2024-01-07,2026-06-29,Bangkok,Premium,Website,1,328,135,Pending,UPI,Charlie,2
ORD00108,C0129,2024-07-02,2025-04-20,Tokyo,Luxury,Website,2,3727,49,Pending,Bank Transfer,Charlie,7
ORD00109,C0069,2024-03-21,2026-01-18,Dubai,Premium,Agent,2,3451,178,Completed,UPI,Alice,12
ORD00110,C0167,2024-04-05,2026-02-20,Dubai,Premium,Agent,4,459,14,Pending,Card,Bob,3
ORD00111,C0128,2025-10-22,2025-12-06,Bangkok,Standard,Agent,1,3754,58,Completed,Bank Transfer,Dana,6
ORD00112,C0012,2025-12-01,2025-10-15,Bangkok,Luxury,Agent,1,809,45,Cancelled,Card,Bob,11
ORD00113,C0037,2024-03-19,2025-11-03,Paris,Luxury,Website,5,3462,99,Pending,Bank Transfer,Charlie,8
ORD00114,C0194,2024-03-21,2026-05-28,London,Standard,Website,4,1346,59,Completed,UPI,Dana,14
ORD00115,C0084,2025-10-11,2025-10-07,Dubai,Premium,Website,3,442,141,Cancelled,UPI,Bob,12
ORD00116,C0150,2024-03-28,2026-09-26,London,Standard,Agent,1,3313,21,Cancelled,Card,Dana,13
ORD00117,C0163,2025-02-02,2025-11-21,London,Standard,Website,1,1463,78,Cancelled,UPI,Charlie,3
ORD00118,C0034,2024-07-10,2026-03-18,Dubai,Luxury,Agent,5,915,104,Completed,Card,Alice,7
ORD00119,C0142,2025-09-03,2026-09-05,London,Premium,Website,3,962,105,Cancelled,Card,Bob,11
ORD00120,C0134,2025-01-24,2025-06-23,Paris,Premium,Mobile App,3,1589,126,Completed,Card,Bob,8
ORD00121,C0071,2024-11-02,2026-05-11,Tokyo,Premium,Mobile App,2,3649,184,Pending,UPI,Bob,9
ORD00122,C0028,2024-11-07,2025-01-07,Dubai,Premium,Agent,4,1309,84,Cancelled,UPI,Dana,12
ORD00123,C0153,2024-11-03,2025-11-25,Bangkok,Luxury,Website,4,1315,80,Completed,UPI,Charlie,6
ORD00124,C0189,2025-08-12,2025-09-06,London,Premium,Mobile App,4,4222,93,Completed,Bank Transfer,Bob,11
ORD00125,C0140,2025-11-29,2026-07-18,Tokyo,Luxury,Mobile App,2,1673,112,Cancelled,Bank Transfer,Alice,14
ORD00126,C0105,2024-05-22,2026-10-11,London,Standard,Mobile App,2,4290,183,Cancelled,UPI,Alice,9
ORD00127,C0154,2025-08-19,2026-02-15,Bangkok,Luxury,Agent,4,4125,139,Completed,UPI,Alice,3
ORD00128,C0197,2025-11-04,2026-11-12,London,Standard,Agent,5,2233,11,Pending,Bank Transfer,Dana,14
ORD00129,C0085,2024-04-18,2025-01-11,Tokyo,Premium,Website,5,3726,191,Pending,Bank Transfer,Bob,9
ORD00130,C0096,2025-04-19,2026-11-27,Bangkok,Luxury,Agent,2,3404,88,Completed,UPI,Alice,6
ORD00131,C0107,2024-04-28,2025-05-26,London,Premium,Mobile App,4,903,200,Completed,Bank Transfer,Dana,7
ORD00132,C0122,2025-03-24,2026-04-09,London,Standard,Mobile App,1,999,181,Completed,Card,Charlie,12
ORD00133,C0028,2024-09-06,2026-06-13,Paris,Luxury,Website,3,1546,143,Cancelled,UPI,Bob,14
ORD00134,C0104,2024-07-09,2026-10-18,Dubai,Premium,Website,5,1711,50,Cancelled,Bank Transfer,Dana,8
ORD00135,C0002,2024-07-29,2025-10-13,Tokyo,Luxury,Website,5,1959,47,Cancelled,UPI,Bob,9
ORD00136,C0030,2025-11-17,2026-05-17,Bangkok,Luxury,Mobile App,5,2349,99,Pending,UPI,Alice,7
ORD00137,C0091,2025-09-24,2025-06-26,London,Luxury,Agent,1,3950,172,Completed,UPI,Alice,5
ORD00138,C0079,2024-07-06,2026-01-18,Paris,Luxury,Mobile App,4,1158,152,Completed,Bank Transfer,Dana,8
ORD00139,C0048,2025-10-12,2026-07-05,Paris,Luxury,Website,4,4186,73,Completed,Card,Charlie,9
ORD00140,C0159,2025-01-02,2025-01-10,Dubai,Standard,Website,4,639,143,Pending,Bank Transfer,Dana,8
ORD00141,C0176,2025-03-01,2026-03-31,Dubai,Standard,Website,5,4228,7,Completed,UPI,Alice,6
ORD00142,C0058,2024-10-22,2025-06-22,Dubai,Luxury,Agent,4,4604,140,Pending,Card,Alice,6
ORD00143,C0199,2025-01-10,2026-07-10,Tokyo,Luxury,Mobile App,5,4649,55,Cancelled,Card,Bob,6
ORD00144,C0009,2024-09-26,2025-12-23,Tokyo,Premium,Website,2,3884,53,Pending,Bank Transfer,Charlie,13
ORD00145,C0157,2024-06-18,2026-09-23,Paris,Standard,Website,1,3707,145,Cancelled,Bank Transfer,Charlie,11
ORD00146,C0138,2024-11-27,2025-10-27,London,Luxury,Mobile App,5,1579,173,Completed,Card,Dana,2
ORD00147,C0071,2024-05-15,2025-09-13,Paris,Luxury,Mobile App,2,1239,194,Pending,UPI,Dana,4
ORD00148,C0148,2025-10-04,2026-03-01,Dubai,Premium,Website,1,2401,103,Pending,Bank Transfer,Charlie,13
ORD00149,C0095,2025-05-14,2025-12-02,Bangkok,Standard,Agent,1,3924,187,Cancelled,Bank Transfer,Charlie,3
ORD00150,C9150,2024-08-11,2026-03-16,Paris,Premium,Mobile App,3,3458,72,Cancelled,Bank Transfer,Bob,11
ORD00151,C0125,2025-11-29,2025-02-19,Tokyo,Standard,Agent,4,3015,4,Completed,Card,Dana,9
ORD00152,C0001,2024-07-26,2025-05-16,London,Standard,Mobile App,1,3704,167,Cancelled,UPI,Alice,7
ORD00153,C0171,2024-02-23,2026-02-10,London,Luxury,Agent,2,1555,109,Pending,Card,Alice,2
ORD00154,C0055,2024-03-20,2025-05-16,Bangkok,Standard,Agent,4,4106,2,Completed,Bank Transfer,Charlie,3
ORD00155,C0109,2025-05-04,2025-03-14,Paris,Premium,Website,1,1282,26,Cancelled,UPI,Charlie,4
ORD00156,C0098,2025-10-18,2026-11-25,Paris,Standard,Agent,5,1290,2,Pending,Bank Transfer,Bob,9
ORD00157,C0090,2025-10-05,2025-06-05,Dubai,Luxury,Agent,4,1945,55,Completed,Card,Bob,14
ORD00158,C0032,2024-12-25,2026-03-16,London,Standard,Website,3,3345,165,Completed,Card,Charlie,14
ORD00159,C0177,2025-11-05,2025-11-05,Paris,Luxury,Agent,5,419,48,Pending,UPI,Charlie,12
ORD00160,C0014,2025-05-21,2026-01-31,Tokyo,Standard,Mobile App,5,2160,18,Pending,Card,Charlie,7
ORD00161,C0034,2025-08-05,2026-03-07,London,Luxury,Agent,2,3368,195,Cancelled,Card,Alice,11
ORD00162,C0018,2024-09-25,2025-08-09,Tokyo,Standard,Mobile App,5,312,73,Pending,Bank Transfer,Dana,8
ORD00163,C0180,2024-03-25,2026-10-18,Bangkok,Luxury,Agent,2,3495,71,Completed,UPI,Alice,10
ORD00164,C0053,2025-07-03,2025-12-01,Dubai,Luxury,Agent,1,1472,79,Pending,UPI,Bob,2
ORD00165,C0063,2025-03-20,2025-04-29,Dubai,Luxury,Agent,1,906,79,Pending,Bank Transfer,Bob,3
ORD00166,C0004,2024-01-12,2025-06-17,Dubai,Premium,Agent,5,1324,200,Pending,UPI,Bob,7
ORD00167,C0033,2024-04-30,2025-01-31,London,Premium,Mobile App,5,2401,16,Cancelled,Bank Transfer,Alice,9
ORD00168,C0117,2025-01-03,2025-02-26,Dubai,Luxury,Website,3,4384,40,Cancelled,Card,Alice,5
ORD00169,C0190,2024-01-03,2025-02-15,Tokyo,Standard,Website,4,4368,93,Cancelled,Card,Bob,2
ORD00170,C0142,2024-08-17,2025-11-26,Paris,Premium,Agent,3,3635,69,Completed,Bank Transfer,Charlie,3
ORD00171,C0129,2024-07-02,2025-08-17,Bangkok,Standard,Mobile App,1,631,119,Cancelled,UPI,Charlie,3
ORD00172,C0142,2024-01-09,2026-01-13,Paris,Premium,Agent,3,3941,189,Pending,Card,Dana,7
ORD00173,C0152,2024-07-19,2026-07-14,Paris,Standard,Website,4,4241,6,Completed,Bank Transfer,Charlie,12
ORD00174,C0178,2024-12-09,2025-01-02,Dubai,Luxury,Agent,3,278,26,Completed,Bank Transfer,Bob,8
ORD00175,C0126,2024-05-25,2025-10-14,Tokyo,Standard,Website,5,690,105,Pending,UPI,Dana,13
ORD00176,C0022,2024-04-07,2026-06-02,Paris,Luxury,Mobile App,1,4957,151,Pending,Card,Dana,12
ORD00177,C0034,2024-10-25,2025-09-25,London,Premium,Agent,3,2139,81,Cancelled,UPI,Bob,3
ORD00178,C0052,2025-08-21,2025-04-22,Paris,Standard,Website,4,1315,119,Cancelled,UPI,Alice,10
ORD00179,C0092,2025-04-07,2025-11-12,Dubai,Premium,Website,1,1900,40,Pending,UPI,Alice,5
ORD00180,C0084,2024-04-03,2025-09-12,London,Premium,Agent,1,1415,173,Cancelled,UPI,Bob,2
ORD00181,C0104,2025-07-23,2026-07-18,Paris,Standard,Mobile App,1,3904,35,Completed,Card,Alice,14
ORD00182,C0057,2024-07-21,2026-02-15,London,Luxury,Agent,1,1270,149,Pending,UPI,Alice,2
ORD00183,C0017,2025-10-23,2026-03-31,Paris,Standard,Mobile App,1,1819,10,Cancelled,Card,Bob,11
ORD00184,C0111,2025-05-23,2025-01-31,Dubai,Luxury,Mobile App,2,3435,90,Completed,Card,Charlie,6
ORD00185,C0115,2024-02-05,2026-09-21,Bangkok,Luxury,Website,3,1417,127,Cancelled,Bank Transfer,Dana,2
ORD00186,C0023,2025-01-27,2025-05-21,Dubai,Standard,Agent,5,2491,63,Pending,Bank Transfer,Alice,8
ORD00187,C0183,2025-05-06,2026-07-12,Dubai,Premium,Agent,5,3141,82,Cancelled,UPI,Bob,2
ORD00188,C0082,2024-01-31,2025-10-15,Tokyo,Premium,Agent,3,1994,196,Pending,Card,Bob,3
ORD00189,C0064,2024-09-29,2026-07-01,Tokyo,Standard,Agent,4,2175,90,Completed,Card,Bob,11
ORD00190,C0082,2025-08-28,2025-01-29,London,Luxury,Agent,2,3139,144,Completed,UPI,Charlie,4
ORD00191,C0126,2024-04-02,2025-02-27,Paris,Luxury,Website,1,510,134,Cancelled,Card,Charlie,11
ORD00192,C0052,2024-12-14,2025-07-01,London,Standard,Website,2,1268,150,Pending,Card,Alice,10
ORD00193,C0094,2025-01-17,2026-11-10,Dubai,Luxury,Website,3,794,77,Cancelled,Card,Bob,13
ORD00194,C0112,2025-10-26,2025-11-21,Paris,Luxury,Agent,5,4191,91,Completed,Bank Transfer,Bob,8
ORD00195,C0079,2024-05-10,2025-07-01,Tokyo,Luxury,Agent,4,2612,197,Pending,Card,Bob,11
ORD00196,C0082,2025-10-16,2026-08-03,Tokyo,Premium,Website,3,2009,190,Completed,Card,Charlie,7
ORD00197,C0043,2025-11-17,2026-10-17,London,Premium,Website,3,926,53,Completed,Bank Transfer,Alice,7
ORD00198,C0066,2024-01-02,2025-02-19,Dubai,Premium,Agent,4,1085,42,Cancelled,UPI,Dana,7
ORD00199,C0140,2024-04-13,2026-05-06,Bangkok,Luxury,Agent,2,3274,41,Cancelled,Card,Alice,6
ORD00200,C0006,2024-09-24,2025-04-18,Tokyo,Premium,Website,4,2810,41,Pending,Card,Alice,7
ORD00201,C0153,2024-02-01,2026-03-18,Paris,Luxury,Mobile App,2,4154,13,Completed,UPI,Bob,5
ORD00202,C0105,2025-07-07,2025-09-29,London,Premium,Website,1,4739,12,Cancelled,Bank Transfer,Dana,4
ORD00203,C0014,2024-01-04,2026-03-14,Tokyo,Premium,Agent,5,3155,122,Completed,Card,Alice,5
ORD00204,C0044,2024-03-24,2026-04-30,Tokyo,Premium,Mobile App,4,2590,125,Pending,UPI,Alice,12
ORD00205,C0140,2024-07-08,2026-01-15,Dubai,Premium,Website,4,3374,11,Cancelled,UPI,Dana,6
ORD00206,C0058,2025-07-31,2025-03-05,Paris,Luxury,Agent,1,2400,21,Pending,UPI,Dana,14
ORD00207,C0151,2025-07-20,2025-03-04,Dubai,Luxury,Mobile App,5,2063,175,Cancelled,Bank Transfer,Bob,9
ORD00208,C0077,2025-02-08,2025-02-05,Bangkok,Luxury,Agent,5,846,173,Pending,Card,Alice,14
ORD00209,C0115,2024-06-20,2025-08-05,Paris,Standard,Website,4,1616,20,Pending,UPI,Bob,12
ORD00210,C0038,2024-11-23,2025-03-10,Tokyo,Premium,Agent,4,2312,141,Cancelled,UPI,Dana,2
ORD00211,C0180,2025-03-05,2025-04-26,Dubai,Standard,Website,5,4480,150,Pending,Card,Alice,11
ORD00212,C0200,2024-10-19,2026-07-03,London,Premium,Mobile App,4,1027,167,Cancelled,Bank Transfer,Dana,2
ORD00213,C0045,2025-02-16,2025-05-28,Bangkok,Luxury,Agent,4,2456,9,Cancelled,UPI,Bob,2
ORD00214,C0191,2024-10-02,2026-01-17,Tokyo,Premium,Mobile App,3,4092,71,Cancelled,Bank Transfer,Alice,5
ORD00215,C0035,2025-03-29,2025-11-25,London,Luxury,Mobile App,5,2661,165,Completed,Card,Dana,5
ORD00216,C0105,2025-06-12,2026-01-18,Tokyo,Luxury,Website,1,4168,79,Pending,Bank Transfer,Dana,4
ORD00217,C0200,2025-08-05,2025-01-30,Paris,Standard,Website,1,4494,63,Completed,UPI,Alice,7
ORD00218,C0181,2024-10-07,2026-01-13,Dubai,Luxury,Mobile App,1,1831,174,Completed,Card,Charlie,9
ORD00219,C0153,2024-06-30,2026-05-01,Bangkok,Luxury,Mobile App,3,3854,41,Cancelled,Bank Transfer,Alice,6
ORD00220,C0008,2024-02-20,2025-06-16,Bangkok,Standard,Website,2,3366,173,Completed,UPI,Dana,10
ORD00221,C0006,2025-04-30,2025-05-16,Paris,Luxury,Website,2,272,64,Pending,UPI,Charlie,8
ORD00222,C0097,2025-04-15,2025-09-16,Paris,Premium,Mobile App,5,3056,159,Cancelled,Bank Transfer,Alice,2
ORD00223,C0131,2025-07-28,2026-10-25,Bangkok,Luxury,Mobile App,3,3265,175,Completed,UPI,Alice,7
ORD00224,C0071,2024-10-10,2025-09-25,London,Standard,Website,5,2863,195,Completed,Card,Dana,12
ORD00225,C0082,2024-01-27,2026-11-03,Dubai,Premium,Mobile App,4,1346,103,Cancelled,Bank Transfer,Alice,11
ORD00226,C0182,2024-07-13,2025-12-18,Paris,Luxury,Agent,4,4886,171,Cancelled,Bank Transfer,Charlie,4
ORD00227,C0169,2024-07-04,2025-10-28,Tokyo,Premium,Website,3,4773,185,Pending,Card,Charlie,12
ORD00228,C0023,2024-12-29,2025-08-17,London,Premium,Mobile App,3,2020,66,Pending,UPI,Dana,3
ORD00229,C0121,2025-10-11,2026-08-21,Bangkok,Luxury,Website,4,639,49,Pending,Card,Dana,10
ORD00230,C0077,2024-02-25,2025-06-04,Paris,Standard,Mobile App,4,3584,145,Cancelled,Card,Charlie,13
ORD00231,C0047,2025-05-14,2025-12-07,Paris,Premium,Agent,1,862,1,Cancelled,UPI,Bob,14
ORD00232,C0199,2025-08-13,2025-06-12,Dubai,Standard,Website,5,1581,111,Pending,UPI,Dana,8
ORD00233,C0123,2024-01-05,2025-02-08,Bangkok,Standard,Agent,3,3340,3,Cancelled,Bank Transfer,Bob,2
ORD00234,C0174,2025-10-03,2025-09-12,Paris,Luxury,Mobile App,3,233,33,Completed,UPI,Charlie,4
ORD00235,C0017,2024-11-01,2025-10-25,Dubai,Luxury,Agent,5,574,134,Cancelled,UPI,Bob,7
ORD00236,C0126,2024-07-11,2025-06-18,Dubai,Standard,Website,2,3142,186,Completed,Card,Alice,11
ORD00237,C0130,2024-05-06,2026-01-11,Tokyo,Premium,Agent,3,1584,197,Pending,Bank Transfer,Alice,11
ORD00238,C0013,2025-10-31,2025-01-21,Tokyo,Luxury,Website,4,1085,113,Cancelled,Card,Charlie,9
ORD00239,C0180,2024-07-29,2026-10-08,Tokyo,Premium,Mobile App,1,1454,169,Pending,UPI,Bob,8
ORD00240,C0027,2025-09-24,2025-05-01,London,Standard,Website,4,4390,50,Pending,Card,Charlie,10
ORD00241,C0052,2025-02-23,2025-10-30,Paris,Standard,Agent,4,3132,53,Pending,UPI,Charlie,5
ORD00242,C0001,2025-11-18,2025-04-02,Tokyo,Luxury,Agent,4,304,38,Completed,Bank Transfer,Alice,13
ORD00243,C0186,2024-09-19,2026-10-22,Paris,Premium,Mobile App,3,1029,118,Completed,Card,Bob,2
ORD00244,C0075,2025-11-24,2025-11-17,Dubai,Luxury,Website,1,3150,194,Completed,Card,Bob,12
ORD00245,C0166,2024-12-02,2026-01-02,Dubai,Luxury,Mobile App,1,1596,95,Cancelled,Card,Alice,8
ORD00246,C0103,2024-10-05,2026-01-30,Dubai,Premium,Agent,2,3939,28,Completed,Bank Transfer,Alice,4
ORD00247,C0027,2025-08-27,2026-05-10,Bangkok,Luxury,Mobile App,2,3608,156,Cancelled,UPI,Alice,12
ORD00248,C0187,2025-05-09,2026-05-15,Tokyo,Premium,Mobile App,1,1270,16,Cancelled,Bank Transfer,Charlie,2
ORD00249,C0181,2025-08-13,2026-08-02,Paris,Luxury,Mobile App,5,4499,133,Pending,Bank Transfer,Alice,8
ORD00250,C9250,2025-05-08,2025-12-21,Dubai,Standard,Agent,5,2236,13,Completed,Bank Transfer,Bob,10
ORD00251,C0121,2024-06-18,2025-03-18,Dubai,Premium,Website,3,4261,71,Completed,Bank Transfer,Bob,10
ORD00252,C0165,2025-02-16,2025-08-29,Tokyo,Premium,Mobile App,5,3301,114,Completed,UPI,Dana,7
ORD00253,C0031,2025-10-31,2025-01-19,Tokyo,Premium,Mobile App,1,4274,142,Pending,Card,Alice,14
ORD00254,C0155,2025-06-04,2026-07-30,Paris,Luxury,Agent,4,2695,87,Cancelled,Card,Bob,9
ORD00255,C0085,2025-09-26,2026-09-07,Dubai,Luxury,Agent,3,4788,183,Cancelled,Card,Alice,14
ORD00256,C0169,2024-01-03,2025-12-16,London,Luxury,Mobile App,5,2016,133,Cancelled,Bank Transfer,Alice,2
ORD00257,C0043,2024-05-23,2026-02-24,Tokyo,Premium,Agent,2,4233,48,Completed,UPI,Bob,9
ORD00258,C0049,2024-04-20,2026-03-01,Tokyo,Luxury,Agent,5,2968,31,Cancelled,UPI,Bob,9
ORD00259,C0002,2024-02-19,2026-07-21,Dubai,Luxury,Mobile App,5,4544,199,Completed,Bank Transfer,Bob,13
ORD00260,C0033,2025-01-31,2026-11-05,Bangkok,Luxury,Mobile App,5,1048,98,Cancelled,Bank Transfer,Bob,6
ORD00261,C0102,2024-10-28,2026-04-09,Paris,Standard,Mobile App,5,3008,179,Pending,Bank Transfer,Charlie,13
ORD00262,C0141,2025-07-20,2026-10-10,Paris,Standard,Website,5,2771,182,Cancelled,Bank Transfer,Charlie,12
ORD00263,C0034,2025-05-30,2026-07-10,London,Luxury,Website,3,1656,143,Cancelled,Bank Transfer,Dana,12
ORD00264,C0192,2024-10-19,2026-03-09,Tokyo,Luxury,Website,1,4573,97,Completed,Card,Alice,5
ORD00265,C0069,2024-10-20,2026-12-01,London,Standard,Website,3,1518,52,Pending,Card,Charlie,9
ORD00266,C0027,2024-08-17,2026-10-25,Bangkok,Premium,Website,5,4802,200,Pending,UPI,Alice,8
ORD00267,C0100,2024-11-16,2026-07-20,Tokyo,Standard,Agent,3,3612,51,Pending,UPI,Bob,12
ORD00268,C0181,2025-08-25,2026-07-14,Bangkok,Standard,Agent,2,3212,75,Cancelled,Card,Alice,4
ORD00269,C0045,2024-05-02,2026-01-22,Tokyo,Premium,Mobile App,5,4409,67,Completed,Card,Charlie,2
ORD00270,C0085,2024-06-07,2025-02-10,Paris,Premium,Agent,1,4020,198,Pending,Bank Transfer,Charlie,9
ORD00271,C0147,2025-01-01,2025-03-16,London,Luxury,Website,2,4706,133,Completed,Bank Transfer,Bob,8
ORD00272,C0140,2025-02-17,2025-04-05,London,Standard,Website,3,4599,84,Cancelled,UPI,Bob,14
ORD00273,C0159,2025-05-01,2026-07-29,Tokyo,Standard,Agent,3,4545,114,Completed,Bank Transfer,Bob,2
ORD00274,C0175,2025-01-25,2025-04-27,Dubai,Premium,Agent,3,2829,6,Pending,UPI,Dana,9
ORD00275,C0012,2025-10-29,2025-07-17,London,Luxury,Website,1,2628,42,Pending,Bank Transfer,Alice,12
ORD00276,C0017,2025-11-17,2026-10-07,Paris,Luxury,Mobile App,1,1926,52,Pending,Bank Transfer,Dana,12
ORD00277,C0019,2024-01-25,2026-04-16,London,Standard,Website,1,1459,13,Completed,UPI,Alice,11
ORD00278,C0059,2025-02-21,2026-02-02,Dubai,Luxury,Mobile App,4,2318,80,Completed,UPI,Alice,10
ORD00279,C0002,2025-08-22,2025-02-16,Tokyo,Premium,Agent,1,718,74,Pending,UPI,Alice,6
ORD00280,C0196,2025-01-25,2026-02-09,Tokyo,Premium,Website,5,3785,56,Completed,Bank Transfer,Dana,14
ORD00281,C0140,2025-10-11,2025-05-28,London,Luxury,Agent,3,2616,2,Pending,Bank Transfer,Bob,3
ORD00282,C0011,2025-08-09,2026-09-03,Dubai,Luxury,Agent,1,241,78,Completed,Bank Transfer,Charlie,5
ORD00283,C0106,2024-05-25,2025-06-14,Paris,Standard,Agent,3,4398,49,Completed,Card,Alice,14
ORD00284,C0141,2025-10-22,2026-07-17,Tokyo,Premium,Agent,1,3978,64,Completed,Card,Dana,7
ORD00285,C0092,2025-11-18,2026-11-03,Paris,Standard,Mobile App,5,1250,17,Completed,UPI,Dana,9
ORD00286,C0085,2025-08-21,2025-06-06,Bangkok,Luxury,Mobile App,3,2704,109,Completed,Card,Charlie,5
ORD00287,C0057,2024-10-10,2026-01-04,Paris,Luxury,Agent,3,3772,122,Cancelled,UPI,Charlie,14
ORD00288,C0079,2025-07-18,2025-04-22,Paris,Luxury,Agent,1,4189,71,Completed,Bank Transfer,Bob,6
ORD00289,C0188,2024-03-18,2025-01-20,Bangkok,Luxury,Website,5,826,148,Cancelled,Bank Transfer,Bob,2
ORD00290,C0142,2025-07-10,2026-07-07,Dubai,Luxury,Website,3,2334,100,Completed,Bank Transfer,Charlie,4
ORD00291,C0119,2025-06-06,2025-04-03,Dubai,Premium,Agent,1,4305,169,Completed,Bank Transfer,Bob,14
ORD00292,C0132,2025-04-01,2025-06-13,Paris,Luxury,Agent,2,1349,188,Pending,UPI,Charlie,2
ORD00293,C0057,2024-08-25,2025-03-06,London,Premium,Website,1,4194,171,Completed,Bank Transfer,Charlie,8
ORD00294,C0121,2024-02-17,2025-02-10,London,Standard,Agent,5,3924,162,Cancelled,Bank Transfer,Charlie,11
ORD00295,C0140,2024-06-27,2026-01-21,Dubai,Premium,Agent,1,4870,132,Cancelled,UPI,Bob,10
ORD00296,C0104,2024-12-19,2026-05-14,Dubai,Luxury,Website,5,3090,35,Cancelled,Card,Bob,3
ORD00297,C0132,2024-08-04,2025-06-03,Paris,Standard,Mobile App,5,2500,183,Completed,Bank Transfer,Bob,8
ORD00298,C0085,2025-05-08,2026-11-23,Dubai,Premium,Website,5,1128,41,Pending,UPI,Alice,5
ORD00299,C0012,2025-08-10,2026-08-30,Paris,Standard,Agent,5,1247,10,Pending,Card,Alice,4
ORD00300,C0067,2025-06-13,2026-02-20,Bangkok,Luxury,Agent,1,1674,184,Pending,Bank Transfer,Charlie,3
ORD00301,C0056,2025-09-13,2026-04-28,Dubai,Standard,Website,4,3879,153,Completed,Bank Transfer,Bob,11
ORD00302,C0169,2024-09-27,2025-06-21,London,Premium,Agent,5,4384,17,Completed,UPI,Dana,4
ORD00303,C0028,2024-07-26,2026-06-20,Bangkok,Luxury,Mobile App,2,335,155,Completed,Card,Dana,11
ORD00304,C0154,2025-06-28,2026-05-31,Tokyo,Standard,Mobile App,2,519,154,Pending,Card,Dana,10
ORD00305,C0108,2024-02-14,2026-06-27,Dubai,Standard,Mobile App,4,3234,89,Pending,Bank Transfer,Alice,8
ORD00306,C0035,2025-05-03,2025-08-27,Tokyo,Premium,Agent,5,2285,104,Cancelled,Card,Alice,13
ORD00307,C0191,2025-08-14,2026-06-20,Tokyo,Luxury,Website,4,258,167,Completed,Bank Transfer,Charlie,8
ORD00308,C0093,2024-06-07,2026-03-13,Bangkok,Premium,Mobile App,5,1073,108,Pending,UPI,Charlie,12
ORD00309,C0102,2025-02-27,2026-07-20,Bangkok,Premium,Website,3,1868,143,Pending,UPI,Charlie,6
ORD00310,C0148,2025-02-11,2025-05-22,Tokyo,Luxury,Website,4,3020,200,Pending,Card,Alice,5
ORD00311,C0131,2024-12-12,2026-07-18,Bangkok,Luxury,Agent,1,3481,41,Cancelled,Bank Transfer,Alice,14
ORD00312,C0024,2025-04-27,2026-09-07,Dubai,Standard,Website,3,1390,56,Cancelled,Card,Alice,13
ORD00313,C0099,2025-09-20,2026-11-03,Bangkok,Premium,Agent,5,3482,14,Completed,Bank Transfer,Dana,9
ORD00314,C0003,2025-11-03,2026-06-15,London,Standard,Website,5,1852,130,Pending,Bank Transfer,Bob,11
ORD00315,C0044,2025-01-03,2025-09-02,Tokyo,Standard,Website,3,495,199,Cancelled,UPI,Dana,8
ORD00316,C0151,2025-06-14,2025-01-16,Tokyo,Standard,Agent,3,1840,185,Pending,Bank Transfer,Charlie,7
ORD00317,C0071,2025-09-12,2025-07-19,Dubai,Premium,Agent,1,2053,66,Completed,UPI,Alice,10
ORD00318,C0019,2024-10-28,2025-12-15,Tokyo,Luxury,Mobile App,5,4321,147,Cancelled,Bank Transfer,Dana,8
ORD00319,C0145,2024-09-06,2025-12-14,Dubai,Luxury,Mobile App,5,4161,7,Cancelled,Card,Charlie,3
ORD00320,C0098,2025-11-24,2025-08-24,London,Premium,Mobile App,5,2005,137,Completed,Bank Transfer,Charlie,5
ORD00321,C0074,2025-02-12,2026-11-21,London,Standard,Agent,2,961,121,Cancelled,UPI,Bob,11
ORD00322,C0069,2025-11-30,2025-07-14,Dubai,Luxury,Website,2,1697,188,Completed,UPI,Bob,5
ORD00323,C0052,2025-09-25,2025-12-31,Paris,Standard,Website,1,2245,173,Pending,UPI,Alice,14
ORD00324,C0139,2025-05-08,2026-01-16,Bangkok,Premium,Mobile App,5,546,70,Cancelled,Card,Charlie,8
ORD00325,C0057,2024-05-11,2025-02-25,Bangkok,Premium,Mobile App,5,4924,8,Pending,UPI,Dana,12
ORD00326,C0199,2025-04-13,2025-05-04,Bangkok,Premium,Mobile App,1,1631,3,Pending,Card,Dana,11
ORD00327,C0026,2025-01-05,2026-09-20,London,Standard,Agent,3,2865,60,Cancelled,UPI,Charlie,7
ORD00328,C0048,2025-03-10,2025-08-04,Dubai,Luxury,Mobile App,3,4285,102,Cancelled,UPI,Bob,11
ORD00329,C0034,2024-08-22,2025-04-13,London,Standard,Agent,4,4917,97,Completed,Card,Bob,9
ORD00330,C0003,2025-03-07,2026-05-27,Paris,Luxury,Agent,5,1646,184,Cancelled,UPI,Charlie,6
ORD00331,C0144,2024-02-18,2026-02-12,Tokyo,Luxury,Website,1,4851,55,Cancelled,UPI,Alice,9
ORD00332,C0191,2024-09-23,2026-01-05,London,Luxury,Agent,3,2941,88,Completed,UPI,Alice,7
ORD00333,C0174,2025-08-13,2026-08-13,Bangkok,Standard,Mobile App,3,1829,83,Pending,Bank Transfer,Dana,14
ORD00334,C0189,2024-03-21,2026-01-26,Bangkok,Premium,Mobile App,2,3861,42,Pending,UPI,Dana,12
ORD00335,C0157,2025-02-18,2025-03-15,Tokyo,Standard,Mobile App,2,4882,80,Cancelled,Bank Transfer,Charlie,13
ORD00336,C0069,2024-10-04,2026-04-01,London,Luxury,Agent,5,3439,115,Cancelled,Card,Bob,2
ORD00337,C0033,2025-11-08,2025-09-15,Tokyo,Standard,Website,4,2122,26,Completed,Card,Dana,10
ORD00338,C0014,2025-02-10,2026-06-21,Tokyo,Standard,Mobile App,5,415,39,Completed,Bank Transfer,Dana,6
ORD00339,C0059,2024-10-17,2026-03-30,Paris,Standard,Agent,2,2226,7,Completed,Bank Transfer,Charlie,7
ORD00340,C0122,2025-07-07,2025-10-06,Bangkok,Premium,Website,5,4027,45,Pending,Bank Transfer,Dana,12
ORD00341,C0192,2025-03-21,2026-06-21,Bangkok,Premium,Mobile App,4,4820,138,Completed,Card,Dana,6
ORD00342,C0094,2024-09-23,2025-06-09,London,Standard,Website,5,3576,194,Completed,UPI,Charlie,9
ORD00343,C0137,2025-05-18,2026-05-04,London,Standard,Mobile App,3,268,152,Completed,Card,Charlie,5
ORD00344,C0106,2025-03-23,2026-02-09,Paris,Standard,Agent,4,4792,96,Completed,UPI,Alice,8
ORD00345,C0161,2025-06-13,2026-09-20,London,Premium,Agent,5,2162,68,Cancelled,Card,Alice,4
ORD00346,C0035,2024-04-23,2026-10-15,Dubai,Luxury,Mobile App,3,2572,179,Pending,UPI,Bob,7
ORD00347,C0005,2024-02-20,2026-07-02,Tokyo,Standard,Website,3,1446,68,Completed,Bank Transfer,Dana,13
ORD00348,C0003,2024-04-02,2025-06-04,Tokyo,Premium,Website,3,2107,107,Cancelled,UPI,Charlie,9
ORD00349,C0179,2024-12-04,2025-03-24,Paris,Standard,Mobile App,4,459,18,Pending,UPI,Bob,5
ORD00350,C9350,2024-01-13,2025-05-05,Paris,Premium,Mobile App,2,3325,188,Completed,Card,Dana,13
ORD00351,C0198,2025-06-17,2026-11-13,Paris,Premium,Mobile App,3,969,82,Completed,Bank Transfer,Alice,13
ORD00352,C0141,2024-05-05,2025-09-17,Dubai,Luxury,Mobile App,2,4467,92,Completed,Bank Transfer,Bob,3
ORD00353,C0061,2024-11-28,2025-01-16,Paris,Premium,Agent,1,3756,101,Completed,Card,Alice,11
ORD00354,C0177,2025-09-02,2025-06-08,London,Standard,Website,2,4093,127,Completed,Bank Transfer,Charlie,14
ORD00355,C0161,2024-03-02,2025-12-31,Paris,Luxury,Agent,1,691,32,Cancelled,Card,Charlie,10
ORD00356,C0166,2025-03-25,2025-07-17,Tokyo,Luxury,Mobile App,3,3045,185,Completed,UPI,Alice,9
ORD00357,C0181,2025-07-26,2025-10-29,Bangkok,Luxury,Mobile App,2,3784,145,Completed,Bank Transfer,Charlie,7
ORD00358,C0188,2024-10-08,2026-09-06,Bangkok,Standard,Website,5,4037,39,Cancelled,UPI,Charlie,10
ORD00359,C0094,2024-01-01,2026-10-16,Bangkok,Premium,Agent,2,3919,4,Pending,UPI,Bob,7
ORD00360,C0185,2025-11-05,2026-07-06,Dubai,Standard,Agent,4,718,196,Pending,Card,Charlie,7
ORD00361,C0105,2024-04-23,2025-04-09,Bangkok,Luxury,Website,1,2838,33,Completed,Card,Bob,3
ORD00362,C0125,2024-04-11,2025-02-02,Bangkok,Luxury,Mobile App,4,1769,134,Pending,Bank Transfer,Charlie,2
ORD00363,C0094,2025-09-12,2025-03-14,Tokyo,Standard,Agent,4,2008,20,Cancelled,Bank Transfer,Alice,7
ORD00364,C0143,2025-01-12,2025-03-01,Bangkok,Premium,Agent,1,3607,187,Completed,UPI,Alice,5
ORD00365,C0133,2024-04-13,2025-08-25,Bangkok,Premium,Website,2,995,134,Pending,Card,Bob,10
ORD00366,C0192,2025-03-01,2025-04-19,Bangkok,Premium,Agent,4,4772,179,Pending,UPI,Alice,4
ORD00367,C0047,2025-02-15,2026-06-01,London,Luxury,Website,5,4705,153,Cancelled,UPI,Charlie,10
ORD00368,C0084,2025-02-26,2026-10-11,Dubai,Luxury,Mobile App,5,3245,61,Pending,Bank Transfer,Bob,8
ORD00369,C0197,2024-09-17,2026-01-04,Dubai,Premium,Mobile App,1,4707,185,Completed,UPI,Alice,10
ORD00370,C0035,2024-01-07,2025-11-04,Paris,Standard,Mobile App,1,2672,197,Pending,UPI,Bob,3
ORD00371,C0010,2024-12-30,2025-06-09,Paris,Premium,Mobile App,5,3971,63,Completed,UPI,Charlie,3
ORD00372,C0147,2025-08-05,2025-08-11,Tokyo,Luxury,Mobile App,4,3475,44,Cancelled,Bank Transfer,Alice,11
ORD00373,C0165,2024-02-08,2026-08-14,Dubai,Standard,Website,3,2660,89,Cancelled,UPI,Alice,14
ORD00374,C0059,2025-10-11,2026-10-10,Dubai,Standard,Mobile App,5,293,10,Cancelled,Bank Transfer,Bob,7
ORD00375,C0129,2024-06-05,2025-02-21,Dubai,Premium,Agent,5,2008,129,Completed,Card,Dana,6
ORD00376,C0101,2024-05-15,2025-12-11,Tokyo,Premium,Agent,1,1412,140,Cancelled,UPI,Alice,8
ORD00377,C0129,2024-05-13,2025-05-19,Dubai,Luxury,Website,4,3759,101,Pending,Bank Transfer,Bob,10
ORD00378,C0158,2024-09-09,2025-09-06,Tokyo,Premium,Mobile App,3,4494,175,Pending,Card,Alice,12
ORD00379,C0106,2025-01-09,2025-12-23,Paris,Premium,Mobile App,5,3669,167,Completed,UPI,Bob,7
ORD00380,C0158,2025-09-30,2025-05-30,Dubai,Standard,Website,2,3822,175,Cancelled,Card,Alice,3
ORD00381,C0190,2024-09-05,2026-09-28,Paris,Premium,Website,3,646,177,Completed,UPI,Dana,9
ORD00382,C0006,2024-08-02,2026-07-05,Paris,Standard,Agent,5,2918,192,Cancelled,Bank Transfer,Dana,11
ORD00383,C0187,2025-11-15,2025-01-19,Dubai,Luxury,Agent,5,1357,11,Cancelled,Card,Alice,6
ORD00384,C0052,2024-02-24,2026-04-22,Tokyo,Standard,Mobile App,3,2422,169,Pending,UPI,Alice,2
ORD00385,C0075,2024-08-24,2026-01-25,Bangkok,Luxury,Website,3,3366,124,Pending,Bank Transfer,Alice,4
ORD00386,C0051,2025-04-13,2026-07-29,Tokyo,Standard,Website,5,4301,78,Cancelled,UPI,Dana,13
ORD00387,C0041,2024-12-21,2026-12-02,London,Premium,Agent,3,350,60,Pending,UPI,Alice,12
ORD00388,C0066,2024-01-31,2026-07-23,London,Standard,Website,3,3371,100,Pending,Card,Alice,13
ORD00389,C0098,2025-11-25,2026-09-20,Paris,Premium,Website,5,4465,39,Cancelled,UPI,Charlie,9
ORD00390,C0139,2024-07-30,2026-10-31,Paris,Luxury,Agent,2,1279,35,Cancelled,Bank Transfer,Bob,8
ORD00391,C0198,2025-11-02,2026-08-02,Paris,Premium,Website,5,1389,136,Pending,Card,Bob,7
ORD00392,C0038,2024-11-22,2026-02-28,Dubai,Premium,Mobile App,3,441,38,Completed,Card,Bob,4
ORD00393,C0007,2025-09-12,2026-08-04,Bangkok,Standard,Agent,2,2386,59,Pending,Card,Charlie,3
ORD00394,C0177,2024-05-17,2026-05-30,Bangkok,Premium,Agent,3,4104,47,Cancelled,UPI,Dana,4
ORD00395,C0042,2024-08-19,2025-02-03,Dubai,Standard,Mobile App,4,1783,56,Pending,Bank Transfer,Bob,14
ORD00396,C0053,2024-06-30,2026-03-26,Bangkok,Premium,Agent,3,741,117,Completed,UPI,Dana,14
ORD00397,C0011,2024-11-16,2026-02-08,Bangkok,Luxury,Agent,5,3316,137,Pending,Bank Transfer,Alice,10
ORD00398,C0028,2025-04-12,2025-02-13,Paris,Luxury,Agent,4,3899,188,Completed,Bank Transfer,Dana,10
ORD00399,C0196,2024-07-13,2025-10-26,Dubai,Premium,Mobile App,3,603,118,Completed,UPI,Charlie,11
ORD00400,C0014,2024-05-25,2026-04-20,Dubai,Standard,Agent,5,4435,28,Completed,Bank Transfer,Bob,8
ORD00401,C0106,2025-04-06,2025-01-26,Paris,Premium,Agent,2,2849,116,Completed,UPI,Charlie,13
ORD00402,C0167,2024-05-06,2025-04-04,Tokyo,Luxury,Mobile App,3,1543,21,Pending,Bank Transfer,Dana,13
ORD00403,C0131,2025-01-22,2026-07-18,Dubai,Standard,Website,3,1509,144,Pending,Card,Bob,4
ORD00404,C0046,2025-03-05,2025-11-12,London,Luxury,Mobile App,3,620,160,Completed,Card,Bob,5
ORD00405,C0001,2024-01-13,2026-04-15,Dubai,Premium,Agent,1,2273,155,Cancelled,Card,Bob,11
ORD00406,C0169,2025-04-09,2026-02-24,Dubai,Standard,Agent,5,4097,1,Completed,Bank Transfer,Charlie,11
ORD00407,C0161,2024-07-31,2025-02-20,Paris,Standard,Website,3,4767,9,Completed,Card,Charlie,7
ORD00408,C0023,2024-04-21,2026-03-03,Paris,Standard,Agent,3,601,156,Pending,Bank Transfer,Bob,9
ORD00409,C0192,2025-01-03,2025-02-06,Tokyo,Premium,Mobile App,3,4942,97,Completed,UPI,Alice,6
ORD00410,C0121,2024-05-04,2025-10-09,London,Luxury,Mobile App,5,1302,53,Pending,Card,Alice,3
ORD00411,C0147,2024-03-30,2026-05-11,Bangkok,Luxury,Mobile App,4,4533,155,Cancelled,UPI,Charlie,4
ORD00412,C0158,2025-05-23,2026-06-17,Dubai,Premium,Website,5,4809,59,Pending,UPI,Bob,2
ORD00413,C0031,2025-04-21,2026-10-03,Tokyo,Luxury,Website,5,396,106,Cancelled,Card,Charlie,7
ORD00414,C0144,2024-01-12,2026-10-18,Paris,Luxury,Mobile App,3,1939,17,Cancelled,UPI,Charlie,14
ORD00415,C0002,2024-12-07,2025-12-16,Dubai,Luxury,Agent,5,1132,7,Completed,Card,Charlie,7
ORD00416,C0173,2025-04-30,2025-02-06,Paris,Premium,Website,4,4124,137,Cancelled,UPI,Dana,13
ORD00417,C0015,2024-11-02,2026-08-02,London,Luxury,Agent,1,4468,53,Pending,Bank Transfer,Charlie,14
ORD00418,C0091,2024-06-01,2025-10-15,Tokyo,Premium,Mobile App,5,742,42,Pending,Bank Transfer,Dana,4
ORD00419,C0153,2024-11-11,2025-11-19,Tokyo,Premium,Mobile App,1,1157,127,Completed,UPI,Dana,6
ORD00420,C0056,2024-11-05,2025-06-29,Tokyo,Premium,Website,2,4501,23,Cancelled,Bank Transfer,Alice,14
ORD00421,C0124,2024-06-06,2025-07-14,London,Premium,Agent,5,4296,79,Cancelled,Card,Alice,10
ORD00422,C0174,2024-07-29,2025-02-07,Dubai,Premium,Agent,5,1287,29,Completed,UPI,Alice,12
ORD00423,C0153,2024-12-07,2026-04-24,Tokyo,Standard,Agent,3,913,5,Pending,UPI,Bob,7
ORD00424,C0052,2024-10-20,2025-10-11,Bangkok,Premium,Mobile App,1,1777,69,Completed,Card,Charlie,3
ORD00425,C0004,2025-06-10,2025-04-15,Paris,Luxury,Mobile App,5,4784,81,Cancelled,Card,Charlie,11
ORD00426,C0063,2024-03-13,2025-11-15,Bangkok,Premium,Agent,4,1603,12,Completed,Card,Dana,12
ORD00427,C0013,2025-01-27,2025-02-25,Tokyo,Premium,Mobile App,2,1067,180,Pending,Bank Transfer,Dana,11
ORD00428,C0092,2024-12-06,2025-07-22,Bangkok,Standard,Mobile App,5,2759,33,Completed,Bank Transfer,Dana,3
ORD00429,C0117,2025-12-01,2026-10-22,Dubai,Premium,Website,2,2742,36,Pending,UPI,Charlie,8
ORD00430,C0047,2024-11-28,2026-04-10,Dubai,Standard,Website,4,2906,28,Cancelled,UPI,Dana,4
ORD00431,C0073,2025-09-10,2026-08-12,Paris,Luxury,Website,4,3055,182,Completed,UPI,Alice,14
ORD00432,C0078,2025-04-17,2026-02-15,Bangkok,Premium,Website,5,4564,62,Pending,Card,Dana,8
ORD00433,C0017,2024-08-01,2026-08-29,Dubai,Premium,Agent,3,2991,139,Pending,Card,Bob,12
ORD00434,C0172,2025-08-10,2026-05-14,Tokyo,Luxury,Agent,4,838,83,Pending,Card,Dana,4
ORD00435,C0079,2024-03-12,2026-09-05,Tokyo,Luxury,Agent,4,3524,83,Cancelled,Bank Transfer,Alice,3
ORD00436,C0056,2025-08-17,2026-10-14,Tokyo,Standard,Agent,2,1338,115,Pending,UPI,Dana,11
ORD00437,C0148,2024-07-19,2025-07-30,London,Premium,Agent,3,3863,111,Pending,UPI,Alice,11
ORD00438,C0003,2025-02-17,2025-05-11,London,Standard,Mobile App,5,4381,13,Completed,Bank Transfer,Charlie,3
ORD00439,C0073,2024-08-28,2026-03-19,Bangkok,Premium,Agent,3,455,182,Cancelled,UPI,Dana,8
ORD00440,C0140,2025-11-09,2025-06-27,Dubai,Standard,Website,5,1930,98,Cancelled,UPI,Bob,6
ORD00441,C0172,2024-05-17,2025-01-12,Tokyo,Luxury,Website,2,1228,184,Cancelled,Bank Transfer,Dana,4
ORD00442,C0022,2025-10-19,2026-03-02,Dubai,Luxury,Agent,4,1324,159,Completed,UPI,Dana,10
ORD00443,C0116,2024-12-29,2025-08-20,Paris,Premium,Agent,1,3351,147,Cancelled,Bank Transfer,Bob,13
ORD00444,C0129,2025-02-24,2026-07-14,Bangkok,Premium,Website,1,2405,145,Cancelled,Bank Transfer,Charlie,3
ORD00445,C0149,2024-03-22,2025-05-26,Bangkok,Premium,Mobile App,5,4144,20,Pending,Bank Transfer,Alice,5
ORD00446,C0121,2025-12-01,2026-10-11,Bangkok,Luxury,Mobile App,5,839,13,Cancelled,Bank Transfer,Alice,9
ORD00447,C0117,2025-04-25,2026-08-11,London,Premium,Mobile App,3,4399,74,Completed,Card,Charlie,13
ORD00448,C0145,2024-03-03,2026-10-07,Dubai,Luxury,Website,5,2333,13,Pending,UPI,Alice,6
ORD00449,C0125,2024-05-09,2026-06-02,Tokyo,Premium,Mobile App,2,875,157,Cancelled,UPI,Charlie,2
ORD00450,C9450,2025-09-10,2025-06-28,Bangkok,Luxury,Website,4,1113,94,Completed,UPI,Bob,9
ORD00451,C0047,2024-02-03,2025-12-18,Tokyo,Standard,Agent,2,4520,126,Cancelled,UPI,Bob,12
ORD00452,C0113,2024-08-03,2026-08-15,London,Standard,Agent,3,1570,193,Completed,Card,Bob,9
ORD00453,C0103,2024-11-04,2026-05-03,Bangkok,Standard,Mobile App,4,4101,121,Cancelled,Card,Dana,2
ORD00454,C0074,2025-01-26,2026-11-26,London,Luxury,Agent,1,3876,24,Pending,Bank Transfer,Charlie,8
ORD00455,C0157,2024-12-09,2025-10-04,London,Standard,Mobile App,5,2433,100,Cancelled,Bank Transfer,Bob,13
ORD00456,C0173,2025-06-16,2025-12-12,Paris,Premium,Agent,1,1796,172,Completed,Card,Alice,8
ORD00457,C0026,2024-04-16,2026-04-02,London,Standard,Agent,3,4502,64,Completed,Card,Alice,11
ORD00458,C0024,2025-08-31,2026-11-04,Paris,Luxury,Agent,1,665,181,Completed,Card,Bob,8
ORD00459,C0169,2024-07-08,2025-04-24,Paris,Premium,Mobile App,4,4837,169,Completed,Bank Transfer,Dana,6
ORD00460,C0197,2025-11-14,2025-11-28,London,Standard,Website,3,3697,198,Completed,UPI,Dana,7
ORD00461,C0016,2024-09-28,2025-07-02,Dubai,Standard,Mobile App,2,2315,156,Cancelled,Card,Dana,3
ORD00462,C0037,2025-03-17,2025-08-12,Bangkok,Luxury,Website,4,4628,183,Cancelled,Card,Alice,3
ORD00463,C0019,2024-09-13,2026-04-02,Tokyo,Premium,Website,1,4880,9,Pending,UPI,Charlie,4
ORD00464,C0180,2025-02-04,2026-08-12,Tokyo,Luxury,Agent,4,2901,122,Cancelled,UPI,Alice,10
ORD00465,C0058,2025-01-28,2026-05-09,Tokyo,Luxury,Agent,3,227,85,Pending,UPI,Dana,2
ORD00466,C0162,2025-01-09,2026-07-02,London,Standard,Mobile App,3,942,165,Completed,Card,Alice,8
ORD00467,C0170,2024-11-02,2026-02-04,Tokyo,Luxury,Agent,3,1764,124,Completed,Bank Transfer,Dana,13
ORD00468,C0049,2024-02-06,2025-07-17,Tokyo,Luxury,Agent,2,1346,125,Cancelled,Card,Charlie,9
ORD00469,C0137,2024-01-17,2025-02-07,London,Standard,Mobile App,1,3880,103,Completed,Card,Dana,12
ORD00470,C0138,2025-08-16,2025-08-27,Tokyo,Standard,Agent,2,1420,125,Pending,Card,Dana,11
ORD00471,C0012,2025-10-26,2025-05-14,Tokyo,Standard,Agent,1,2188,78,Completed,UPI,Bob,11
ORD00472,C0017,2024-04-26,2026-05-25,Bangkok,Luxury,Website,1,1071,51,Cancelled,UPI,Dana,7
ORD00473,C0031,2025-07-12,2025-05-21,London,Standard,Website,5,4918,44,Cancelled,Card,Alice,6
ORD00474,C0037,2024-06-21,2026-01-14,Bangkok,Standard,Mobile App,2,3600,148,Completed,Card,Alice,14
ORD00475,C0162,2024-06-10,2025-01-17,Dubai,Standard,Website,1,3281,45,Completed,Bank Transfer,Charlie,8
ORD00476,C0178,2024-05-09,2025-07-31,Paris,Luxury,Mobile App,5,4099,115,Cancelled,Card,Bob,11
ORD00477,C0178,2025-09-02,2025-07-04,Dubai,Luxury,Website,3,508,89,Cancelled,Card,Bob,5
ORD00478,C0031,2024-04-07,2026-09-26,London,Luxury,Agent,2,4543,118,Pending,Bank Transfer,Bob,6
ORD00479,C0014,2024-04-25,2025-06-02,Dubai,Premium,Website,2,1786,171,Completed,Card,Charlie,6
ORD00480,C0054,2024-09-14,2025-12-09,Bangkok,Premium,Website,1,3760,189,Completed,Bank Transfer,Bob,4
ORD00481,C0008,2025-06-11,2025-04-29,Tokyo,Standard,Agent,4,4173,151,Pending,UPI,Dana,5
ORD00482,C0192,2024-08-23,2025-04-23,London,Standard,Website,2,2868,188,Cancelled,Card,Dana,5
ORD00483,C0019,2025-08-22,2026-05-12,Tokyo,Premium,Website,2,4058,156,Cancelled,Card,Dana,7
ORD00484,C0035,2024-07-17,2026-10-10,London,Premium,Website,3,3949,32,Completed,Bank Transfer,Alice,6
ORD00485,C0035,2025-04-21,2026-04-15,Dubai,Standard,Mobile App,2,1110,75,Pending,Card,Bob,11
ORD00486,C0142,2024-03-29,2026-02-26,Bangkok,Premium,Website,5,2081,121,Cancelled,UPI,Alice,13
ORD00487,C0110,2024-09-10,2025-12-02,Dubai,Luxury,Website,5,2220,38,Pending,Card,Dana,2
ORD00488,C0011,2025-05-31,2025-02-04,Dubai,Luxury,Mobile App,4,4055,178,Completed,UPI,Dana,5
ORD00489,C0022,2024-01-13,2026-02-21,Paris,Standard,Mobile App,3,4775,61,Pending,Card,Alice,9
ORD00490,C0172,2024-06-14,2026-04-16,Bangkok,Luxury,Agent,1,2697,116,Cancelled,Card,Dana,4
ORD00491,C0095,2025-10-10,2025-01-02,Tokyo,Premium,Agent,3,4003,135,Completed,UPI,Dana,14
ORD00492,C0070,2025-08-12,2025-08-01,Tokyo,Luxury,Mobile App,1,4643,131,Pending,UPI,Alice,3
ORD00493,C0099,2025-04-21,2026-09-26,Tokyo,Premium,Mobile App,2,3194,165,Pending,Bank Transfer,Alice,10
ORD00494,C0182,2024-05-21,2025-12-09,Paris,Luxury,Website,4,1877,188,Pending,Bank Transfer,Bob,14
ORD00495,C0191,2024-11-24,2025-12-28,London,Luxury,Agent,4,2046,70,Completed,Card,Charlie,7
ORD00496,C0116,2025-05-28,2026-06-24,Tokyo,Premium,Agent,5,4183,173,Pending,UPI,Dana,11
ORD00497,C0095,2024-07-11,2026-04-14,Tokyo,Standard,Mobile App,2,737,73,Completed,Card,Bob,6
ORD00498,C0029,2025-05-23,2025-06-04,Paris,Luxury,Agent,1,1412,75,Cancelled,Bank Transfer,Bob,9
ORD00499,C0089,2025-03-30,2026-10-23,Tokyo,Premium,Website,1,3641,5,Completed,Bank Transfer,Charlie,8
ORD00500,C0149,2025-11-02,2026-10-24,London,Premium,Agent,5,3008,140,Cancelled,UPI,Charlie,11
ORD00501,C0034,2024-06-24,2025-09-24,Paris,Premium,Mobile App,3,2710,197,Completed,Card,Charlie,6
ORD00502,C0117,2025-09-25,2025-06-14,Bangkok,Premium,Website,2,1562,181,Pending,Bank Transfer,Bob,4
ORD00503,C0061,2024-02-12,2025-11-21,Bangkok,Standard,Mobile App,3,1157,94,Completed,Card,Alice,12
ORD00504,C0082,2024-05-31,2026-01-17,Dubai,Luxury,Website,5,3016,77,Completed,Card,Dana,9
ORD00505,C0197,2025-04-14,2025-11-24,Paris,Standard,Agent,5,1390,129,Cancelled,Bank Transfer,Charlie,9
ORD00506,C0075,2025-11-13,2025-05-31,Bangkok,Luxury,Mobile App,3,4899,176,Completed,Bank Transfer,Dana,2
ORD00507,C0036,2024-04-29,2025-11-12,Tokyo,Premium,Agent,2,4713,114,Cancelled,Card,Charlie,2
ORD00508,C0156,2025-08-20,2026-06-24,Paris,Premium,Website,1,1798,21,Pending,UPI,Alice,10
ORD00509,C0101,2025-05-17,2025-11-22,Bangkok,Luxury,Agent,1,1792,170,Cancelled,UPI,Bob,13
ORD00510,C0110,2025-01-30,2026-01-17,Tokyo,Premium,Mobile App,3,3228,78,Cancelled,Bank Transfer,Alice,5
ORD00511,C0187,2025-03-01,2026-03-30,London,Standard,Agent,4,3839,186,Cancelled,Card,Alice,4
ORD00512,C0054,2025-05-01,2026-06-22,London,Standard,Agent,4,2684,22,Completed,UPI,Charlie,8
ORD00513,C0045,2025-04-18,2026-08-05,Paris,Standard,Website,4,4753,74,Pending,UPI,Alice,6
ORD00514,C0150,2025-05-20,2026-07-27,Dubai,Standard,Website,1,2689,39,Cancelled,UPI,Dana,3
ORD00515,C0168,2025-03-03,2025-07-03,Dubai,Luxury,Agent,2,2556,7,Completed,UPI,Dana,3
ORD00516,C0154,2025-08-18,2026-05-08,Bangkok,Premium,Mobile App,4,3163,177,Completed,UPI,Alice,6
ORD00517,C0042,2024-02-29,2025-05-30,London,Premium,Agent,2,4964,91,Completed,Card,Charlie,7
ORD00518,C0108,2024-02-19,2025-10-24,London,Luxury,Agent,1,3116,131,Completed,Bank Transfer,Bob,14
ORD00519,C0025,2025-07-10,2025-11-27,London,Luxury,Mobile App,3,1569,175,Pending,Bank Transfer,Charlie,3
ORD00520,C0137,2024-12-26,2025-05-28,Tokyo,Standard,Agent,3,4951,95,Cancelled,UPI,Charlie,4
ORD00521,C0027,2024-06-07,2026-05-31,Paris,Standard,Agent,5,1984,176,Pending,Bank Transfer,Alice,8
ORD00522,C0118,2024-04-29,2025-05-15,Tokyo,Premium,Mobile App,3,825,176,Cancelled,Card,Dana,11
ORD00523,C0134,2024-06-25,2025-11-08,Tokyo,Luxury,Website,2,3002,32,Pending,Card,Bob,6
ORD00524,C0033,2024-05-13,2025-03-22,Dubai,Luxury,Website,1,1919,4,Cancelled,UPI,Alice,5
ORD00525,C0028,2025-11-06,2026-06-10,Bangkok,Standard,Mobile App,1,468,64,Completed,Card,Charlie,12
ORD00526,C0003,2024-05-06,2026-09-09,Paris,Luxury,Website,2,990,171,Cancelled,Card,Alice,4
ORD00527,C0192,2025-08-16,2025-12-23,London,Standard,Agent,5,2472,61,Pending,Bank Transfer,Alice,3
ORD00528,C0149,2025-06-25,2025-08-11,Paris,Premium,Website,5,314,1,Pending,Card,Bob,10
ORD00529,C0182,2025-01-10,2026-08-27,Paris,Premium,Agent,1,4088,46,Cancelled,UPI,Dana,5
ORD00530,C0132,2025-02-21,2025-04-26,London,Standard,Mobile App,1,2064,133,Completed,UPI,Charlie,13
ORD00531,C0074,2024-02-11,2025-03-26,London,Premium,Website,4,4764,72,Cancelled,Bank Transfer,Charlie,12
ORD00532,C0114,2025-07-21,2026-02-22,London,Premium,Website,1,2050,121,Pending,UPI,Bob,2
ORD00533,C0173,2025-11-19,2025-04-18,Dubai,Premium,Agent,1,4227,30,Completed,UPI,Dana,13
ORD00534,C0152,2024-06-21,2025-03-08,London,Standard,Mobile App,2,1033,152,Cancelled,Card,Bob,8
ORD00535,C0186,2024-10-12,2026-08-19,Bangkok,Premium,Agent,4,4288,91,Cancelled,Bank Transfer,Dana,9
ORD00536,C0131,2024-05-30,2026-04-11,Tokyo,Standard,Mobile App,4,2484,127,Completed,Bank Transfer,Bob,2
ORD00537,C0026,2024-03-10,2026-05-26,Tokyo,Standard,Mobile App,5,632,173,Cancelled,Card,Charlie,11
ORD00538,C0160,2024-03-19,2026-11-08,Bangkok,Premium,Mobile App,2,989,75,Pending,UPI,Dana,10
ORD00539,C0067,2024-12-17,2026-07-08,Bangkok,Standard,Website,4,4643,30,Cancelled,UPI,Charlie,8
ORD00540,C0114,2024-02-06,2025-02-03,Paris,Luxury,Agent,3,3965,180,Completed,UPI,Dana,4
ORD00541,C0080,2025-05-14,2025-04-23,Bangkok,Luxury,Mobile App,5,3387,175,Pending,Bank Transfer,Dana,9
ORD00542,C0144,2025-06-02,2025-02-27,Dubai,Premium,Mobile App,5,1480,96,Pending,Bank Transfer,Charlie,14
ORD00543,C0073,2024-03-03,2025-01-29,Bangkok,Standard,Website,3,2825,89,Pending,Bank Transfer,Alice,14
ORD00544,C0161,2025-01-24,2025-04-10,Dubai,Premium,Mobile App,4,2995,89,Completed,Bank Transfer,Bob,5
ORD00545,C0061,2025-08-29,2025-03-28,Tokyo,Premium,Website,3,2756,43,Completed,Bank Transfer,Charlie,2
ORD00546,C0118,2025-08-04,2026-06-12,Dubai,Premium,Website,4,3660,150,Completed,UPI,Dana,11
ORD00547,C0100,2025-08-09,2025-04-11,Dubai,Standard,Agent,2,2841,86,Cancelled,Bank Transfer,Charlie,4
ORD00548,C0158,2025-01-07,2026-03-23,Paris,Premium,Agent,1,2653,137,Completed,UPI,Charlie,2
ORD00549,C0077,2025-02-15,2025-08-20,Bangkok,Luxury,Website,5,4898,24,Pending,UPI,Charlie,3
ORD00550,C0146,2025-05-01,2026-03-14,Paris,Premium,Website,3,4550,129,Cancelled,UPI,Charlie,5
ORD00551,C0107,2024-09-14,2026-10-02,Bangkok,Premium,Agent,5,3495,46,Completed,Bank Transfer,Bob,11
ORD00552,C0128,2025-11-07,2026-04-24,London,Luxury,Agent,5,1944,196,Cancelled,Bank Transfer,Alice,10
ORD00553,C0052,2025-04-18,2025-06-01,Paris,Standard,Agent,3,3184,111,Cancelled,UPI,Alice,12
ORD00554,C0053,2024-09-30,2025-10-21,Paris,Premium,Agent,5,3578,60,Cancelled,Card,Alice,4
ORD00555,C0050,2024-09-08,2025-11-14,Dubai,Premium,Agent,4,426,108,Pending,Card,Bob,4
ORD00556,C0070,2024-01-30,2025-09-22,London,Luxury,Agent,2,1317,164,Completed,Bank Transfer,Dana,14
ORD00557,C0006,2024-03-26,2025-11-18,Bangkok,Premium,Website,4,653,93,Pending,Bank Transfer,Alice,8
ORD00558,C0186,2024-08-29,2025-04-25,Bangkok,Luxury,Agent,1,1351,133,Pending,Bank Transfer,Charlie,9
ORD00559,C0024,2025-09-06,2025-05-06,London,Premium,Agent,4,2150,191,Pending,Card,Dana,5
ORD00560,C0037,2024-06-28,2025-08-08,London,Premium,Mobile App,3,1075,150,Completed,UPI,Charlie,13
ORD00561,C0029,2025-07-12,2026-03-10,Dubai,Luxury,Website,3,2792,200,Completed,UPI,Dana,13
ORD00562,C0095,2024-01-22,2026-10-23,Bangkok,Standard,Agent,1,2724,176,Pending,Card,Charlie,10
ORD00563,C0099,2025-10-16,2026-01-07,Tokyo,Luxury,Website,4,2733,99,Completed,UPI,Charlie,6
ORD00564,C0024,2024-10-31,2025-08-04,Paris,Premium,Agent,3,2128,196,Pending,UPI,Alice,6
ORD00565,C0021,2025-04-27,2026-02-27,London,Luxury,Mobile App,1,4227,41,Pending,UPI,Alice,7
ORD00566,C0108,2024-11-30,2026-04-10,Tokyo,Standard,Agent,2,4686,161,Cancelled,Bank Transfer,Bob,2
ORD00567,C0103,2025-10-05,2025-11-09,London,Luxury,Website,1,1839,40,Completed,Bank Transfer,Bob,11
ORD00568,C0176,2024-11-23,2026-04-08,Dubai,Luxury,Website,3,3561,44,Pending,Bank Transfer,Charlie,14
ORD00569,C0073,2024-03-27,2026-03-01,London,Standard,Mobile App,4,1827,146,Completed,Card,Alice,10
ORD00570,C0166,2024-04-01,2026-04-19,Paris,Premium,Agent,2,2073,12,Cancelled,Bank Transfer,Dana,11
ORD00571,C0067,2024-04-01,2026-01-12,Paris,Luxury,Website,1,1422,183,Pending,UPI,Dana,12
ORD00572,C0127,2024-08-17,2025-07-28,Paris,Premium,Mobile App,4,1170,97,Completed,UPI,Bob,11
ORD00573,C0056,2025-11-24,2025-07-13,Dubai,Standard,Mobile App,2,2518,7,Cancelled,UPI,Bob,11
ORD00574,C0116,2025-01-13,2026-08-20,Dubai,Standard,Website,4,2234,34,Cancelled,Bank Transfer,Dana,12
ORD00575,C0055,2025-03-09,2026-09-04,London,Standard,Website,5,3341,15,Completed,UPI,Bob,9
ORD00576,C0091,2024-01-06,2025-09-17,Bangkok,Luxury,Mobile App,3,572,101,Pending,UPI,Bob,10
ORD00577,C0011,2024-07-02,2025-09-24,Paris,Luxury,Mobile App,3,4955,119,Completed,Card,Charlie,13
ORD00578,C0136,2024-05-25,2025-09-24,Tokyo,Premium,Website,2,3746,127,Cancelled,Bank Transfer,Charlie,8
ORD00579,C0073,2025-09-19,2025-09-28,Bangkok,Premium,Mobile App,2,2356,80,Pending,UPI,Bob,10
ORD00580,C0169,2024-02-24,2025-07-13,Paris,Standard,Website,2,3804,9,Cancelled,UPI,Bob,13
ORD00581,C0120,2024-04-28,2026-05-22,Tokyo,Premium,Mobile App,5,3775,124,Cancelled,UPI,Alice,13
ORD00582,C0038,2024-12-23,2025-04-06,Paris,Premium,Website,2,1212,191,Pending,UPI,Bob,11
ORD00583,C0002,2025-08-07,2025-07-04,Dubai,Standard,Website,4,4509,173,Completed,UPI,Alice,6
ORD00584,C0175,2025-02-07,2026-01-18,Bangkok,Standard,Mobile App,2,1199,7,Completed,UPI,Dana,9
ORD00585,C0161,2025-08-31,2026-11-05,Tokyo,Premium,Website,5,2406,115,Cancelled,Bank Transfer,Bob,5
ORD00586,C0013,2024-11-26,2025-02-26,Tokyo,Luxury,Agent,4,2517,23,Cancelled,UPI,Bob,5
ORD00587,C0198,2024-04-01,2025-01-22,Paris,Standard,Mobile App,4,3467,72,Pending,Bank Transfer,Bob,3
ORD00588,C0077,2025-03-18,2025-11-14,Bangkok,Standard,Mobile App,1,4221,94,Pending,Card,Dana,9
ORD00589,C0100,2024-10-01,2026-07-31,Bangkok,Premium,Website,4,4102,94,Pending,Card,Dana,12
ORD00590,C0110,2024-02-11,2026-06-10,London,Premium,Agent,2,961,165,Pending,Bank Transfer,Bob,9
ORD00591,C0135,2024-03-26,2025-10-25,Dubai,Premium,Website,4,4498,76,Completed,Card,Charlie,5
ORD00592,C0134,2024-10-29,2026-08-06,Tokyo,Luxury,Website,1,3703,131,Completed,Bank Transfer,Dana,8
ORD00593,C0025,2025-11-07,2026-08-06,London,Premium,Mobile App,5,4006,20,Pending,Card,Alice,13
ORD00594,C0170,2024-07-02,2025-07-06,Dubai,Standard,Website,4,3991,180,Cancelled,UPI,Dana,14
ORD00595,C0172,2025-09-30,2025-09-29,London,Standard,Website,2,3885,20,Pending,Bank Transfer,Charlie,12
ORD00596,C0028,2025-07-01,2025-01-19,Tokyo,Premium,Website,1,3753,43,Pending,UPI,Dana,13
ORD00597,C0104,2024-11-06,2026-09-26,Bangkok,Premium,Agent,4,4187,77,Completed,Card,Bob,2
ORD00598,C0049,2024-01-17,2025-07-12,Tokyo,Standard,Mobile App,2,1116,166,Completed,UPI,Bob,3
ORD00599,C0078,2024-05-31,2026-05-01,Dubai,Standard,Website,2,3996,39,Pending,Bank Transfer,Dana,9
ORD00600,C0121,2025-04-05,2026-08-23,Paris,Standard,Mobile App,5,360,100,Completed,UPI,Alice,3
ORD00601,C0162,2025-03-01,2026-05-23,Bangkok,Luxury,Agent,5,3737,74,Completed,UPI,Dana,9
ORD00602,C0132,2024-08-25,2025-03-04,Bangkok,Standard,Mobile App,5,4196,80,Pending,Card,Charlie,12
ORD00603,C0107,2024-04-29,2026-05-22,Bangkok,Luxury,Mobile App,4,4077,178,Cancelled,Card,Bob,6
ORD00604,C0186,2025-04-25,2025-12-19,Dubai,Standard,Agent,2,1774,150,Pending,UPI,Dana,4
ORD00605,C0076,2025-03-02,2026-11-21,London,Premium,Website,5,3397,53,Cancelled,Bank Transfer,Alice,12
ORD00606,C0124,2024-06-26,2025-07-24,Paris,Luxury,Mobile App,1,1257,106,Cancelled,UPI,Bob,5
ORD00607,C0143,2024-01-19,2026-01-03,London,Premium,Agent,2,585,44,Pending,Card,Alice,7
ORD00608,C0111,2025-09-24,2025-08-21,Tokyo,Luxury,Website,4,1133,66,Cancelled,UPI,Alice,14
ORD00609,C0143,2024-06-03,2026-06-12,Bangkok,Luxury,Website,1,2391,112,Cancelled,Card,Alice,14
ORD00610,C0157,2025-07-29,2025-02-12,Bangkok,Standard,Website,1,1034,52,Cancelled,Card,Charlie,13
ORD00611,C0114,2025-05-25,2025-04-12,Paris,Luxury,Mobile App,3,4344,35,Completed,Card,Dana,8
ORD00612,C0197,2024-09-08,2026-05-01,London,Premium,Agent,2,253,21,Cancelled,UPI,Dana,7
ORD00613,C0162,2024-06-04,2026-06-27,Dubai,Standard,Website,4,2210,105,Cancelled,UPI,Charlie,2
ORD00614,C0114,2024-01-11,2026-06-14,Tokyo,Standard,Mobile App,3,1392,102,Completed,UPI,Alice,8
ORD00615,C0195,2025-11-07,2026-10-19,Paris,Luxury,Website,5,503,75,Cancelled,UPI,Charlie,13
ORD00616,C0191,2024-12-18,2025-01-09,London,Luxury,Agent,2,2769,179,Cancelled,UPI,Bob,10
ORD00617,C0160,2024-12-19,2026-10-27,Dubai,Standard,Mobile App,1,3822,9,Pending,UPI,Dana,13
ORD00618,C0185,2025-06-16,2026-07-08,London,Standard,Website,5,1232,141,Cancelled,Bank Transfer,Charlie,14
ORD00619,C0163,2024-01-24,2025-01-29,Bangkok,Luxury,Mobile App,2,1510,198,Cancelled,Bank Transfer,Dana,10
ORD00620,C0029,2025-01-16,2025-09-23,Bangkok,Premium,Website,1,691,193,Pending,Card,Dana,6
ORD00621,C0147,2025-04-09,2025-12-14,Paris,Luxury,Agent,5,242,182,Pending,Bank Transfer,Bob,7
ORD00622,C0077,2025-11-13,2026-08-10,Paris,Luxury,Mobile App,5,2530,188,Completed,Card,Charlie,10
ORD00623,C0150,2025-01-04,2026-04-11,Tokyo,Standard,Agent,4,1777,105,Completed,Card,Alice,8
ORD00624,C0034,2024-08-07,2026-04-02,Tokyo,Premium,Agent,5,4101,103,Pending,Bank Transfer,Dana,6
ORD00625,C0150,2025-10-13,2026-03-10,Dubai,Luxury,Mobile App,4,4286,41,Completed,Bank Transfer,Bob,9
ORD00626,C0183,2024-05-12,2026-06-10,Bangkok,Standard,Agent,2,3949,116,Cancelled,Card,Bob,10
ORD00627,C0095,2025-09-08,2026-02-23,Tokyo,Standard,Mobile App,5,1172,74,Completed,Bank Transfer,Bob,3
ORD00628,C0096,2025-01-18,2025-11-07,London,Premium,Website,2,2697,36,Pending,UPI,Alice,6
ORD00629,C0073,2024-07-06,2026-05-16,Tokyo,Standard,Agent,3,1966,17,Completed,UPI,Dana,11
ORD00630,C0080,2025-04-08,2025-12-12,Dubai,Premium,Agent,5,4834,33,Completed,Bank Transfer,Dana,14
ORD00631,C0116,2024-06-01,2025-11-30,Tokyo,Luxury,Agent,5,3878,104,Cancelled,Card,Dana,7
ORD00632,C0139,2025-11-17,2026-03-30,London,Luxury,Website,2,575,181,Completed,Bank Transfer,Charlie,10
ORD00633,C0166,2025-10-21,2026-07-27,Tokyo,Standard,Agent,5,1214,147,Completed,Bank Transfer,Bob,14
ORD00634,C0122,2024-01-20,2025-05-04,Bangkok,Standard,Website,3,4317,52,Completed,Bank Transfer,Dana,3
ORD00635,C0137,2025-02-15,2026-08-27,Tokyo,Premium,Website,3,2824,111,Completed,UPI,Alice,10
ORD00636,C0082,2024-09-20,2025-04-04,Tokyo,Standard,Agent,2,3329,73,Completed,Card,Charlie,14
ORD00637,C0023,2024-11-10,2026-02-22,Paris,Standard,Agent,3,1463,46,Completed,Bank Transfer,Alice,6
ORD00638,C0100,2024-11-23,2025-05-26,Dubai,Premium,Mobile App,4,1008,30,Completed,Card,Bob,14
ORD00639,C0153,2024-08-30,2026-05-20,Bangkok,Luxury,Mobile App,1,5000,68,Completed,UPI,Dana,10
ORD00640,C0105,2025-05-10,2025-01-30,Dubai,Luxury,Website,1,736,68,Pending,Bank Transfer,Alice,5
ORD00641,C0196,2025-10-29,2025-05-09,London,Luxury,Mobile App,4,4744,21,Pending,Bank Transfer,Bob,14
ORD00642,C0037,2025-07-07,2025-06-22,Paris,Luxury,Mobile App,5,3258,115,Completed,Card,Dana,11
ORD00643,C0075,2024-01-01,2025-03-03,Dubai,Premium,Agent,3,1571,174,Cancelled,UPI,Bob,11
ORD00644,C0131,2024-02-16,2025-06-15,Bangkok,Luxury,Website,3,2504,22,Cancelled,Bank Transfer,Alice,4
ORD00645,C0186,2024-10-13,2026-03-19,Paris,Luxury,Agent,3,4758,174,Cancelled,Bank Transfer,Charlie,14
ORD00646,C0182,2024-10-06,2025-09-09,London,Premium,Website,4,3908,153,Cancelled,Card,Bob,12
ORD00647,C0001,2024-01-05,2025-01-10,Paris,Premium,Agent,4,4103,195,Cancelled,Bank Transfer,Alice,14
ORD00648,C0167,2025-07-05,2025-02-01,Dubai,Luxury,Website,3,835,96,Pending,UPI,Dana,4
ORD00649,C0197,2024-05-07,2026-04-19,London,Standard,Mobile App,1,269,56,Pending,Card,Charlie,12
ORD00650,C0182,2024-07-15,2025-04-03,Bangkok,Luxury,Mobile App,2,3131,59,Cancelled,UPI,Alice,6
ORD00651,C0127,2024-01-08,2025-07-20,Dubai,Standard,Mobile App,5,1912,128,Cancelled,Card,Bob,12
ORD00652,C0190,2025-11-19,2026-11-30,Bangkok,Luxury,Website,1,4834,150,Completed,Bank Transfer,Alice,4
ORD00653,C0067,2024-08-21,2026-06-20,London,Standard,Agent,1,4868,177,Pending,Bank Transfer,Charlie,12
ORD00654,C0144,2024-01-03,2026-03-14,Tokyo,Premium,Mobile App,4,3918,70,Completed,Bank Transfer,Dana,9
ORD00655,C0093,2024-02-14,2025-08-18,Tokyo,Premium,Mobile App,5,4437,114,Cancelled,Card,Dana,5
ORD00656,C0086,2025-08-08,2025-01-26,Paris,Luxury,Mobile App,1,870,63,Completed,Card,Charlie,6
ORD00657,C0017,2024-01-29,2026-05-07,Dubai,Standard,Agent,3,992,64,Completed,Card,Dana,5
ORD00658,C0088,2024-12-07,2026-06-17,Paris,Standard,Agent,5,645,112,Completed,Bank Transfer,Dana,11
ORD00659,C0032,2024-03-03,2025-02-04,Dubai,Premium,Agent,1,900,200,Completed,Card,Dana,2
ORD00660,C0078,2024-03-08,2025-04-15,Tokyo,Luxury,Website,3,3737,97,Cancelled,Card,Dana,5
ORD00661,C0154,2025-04-09,2026-01-29,Dubai,Premium,Agent,5,286,25,Cancelled,Bank Transfer,Alice,9
ORD00662,C0133,2025-08-24,2025-07-17,Tokyo,Standard,Website,5,2888,182,Completed,Bank Transfer,Bob,11
ORD00663,C0033,2024-09-19,2025-12-30,Dubai,Premium,Agent,5,4368,113,Completed,Card,Bob,14
ORD00664,C0012,2024-05-10,2025-11-16,Bangkok,Premium,Agent,3,695,79,Pending,Bank Transfer,Bob,4
ORD00665,C0121,2025-09-09,2025-12-18,London,Premium,Website,5,2728,150,Pending,Bank Transfer,Bob,2
ORD00666,C0061,2025-07-26,2025-02-25,Dubai,Premium,Website,2,4354,163,Completed,Card,Charlie,5
ORD00667,C0171,2025-04-23,2026-09-07,London,Luxury,Agent,3,4097,157,Cancelled,UPI,Charlie,4
ORD00668,C0027,2024-02-13,2026-05-23,Paris,Standard,Agent,2,3921,177,Completed,UPI,Bob,5
ORD00669,C0124,2025-01-19,2025-07-30,Dubai,Standard,Website,3,2915,2,Completed,UPI,Alice,10
ORD00670,C0030,2024-10-24,2026-03-27,Paris,Luxury,Agent,3,1366,11,Completed,Card,Bob,6
ORD00671,C0045,2024-09-25,2025-06-28,London,Luxury,Website,2,1993,50,Completed,Card,Charlie,3
ORD00672,C0006,2025-01-23,2026-11-02,Tokyo,Premium,Website,3,1324,116,Completed,UPI,Charlie,12
ORD00673,C0044,2025-09-30,2026-03-21,Tokyo,Standard,Website,2,4516,48,Completed,Bank Transfer,Dana,13
ORD00674,C0096,2025-09-05,2026-03-16,Paris,Standard,Agent,5,2804,48,Pending,UPI,Bob,7
ORD00675,C0064,2025-10-06,2025-10-14,Paris,Luxury,Agent,4,636,53,Pending,Card,Dana,14
ORD00676,C0170,2024-06-20,2026-06-05,Dubai,Luxury,Agent,3,731,127,Pending,UPI,Bob,7
ORD00677,C0183,2025-06-22,2026-05-10,Dubai,Premium,Mobile App,5,3262,102,Pending,Bank Transfer,Alice,5
ORD00678,C0057,2025-04-07,2025-08-29,Dubai,Standard,Mobile App,4,1862,96,Pending,Card,Charlie,6
ORD00679,C0141,2024-05-17,2025-03-28,London,Premium,Agent,3,894,58,Pending,Card,Dana,10
ORD00680,C0160,2025-03-12,2026-04-07,Dubai,Premium,Mobile App,3,2955,127,Cancelled,UPI,Dana,2
ORD00681,C0046,2024-08-27,2025-09-29,Tokyo,Premium,Website,3,3818,128,Pending,Bank Transfer,Alice,14
ORD00682,C0071,2024-04-10,2025-05-02,Tokyo,Premium,Website,5,2065,51,Cancelled,Card,Charlie,6
ORD00683,C0078,2024-07-14,2026-09-11,Paris,Luxury,Agent,5,2448,66,Completed,UPI,Charlie,7
ORD00684,C0104,2025-08-16,2026-11-03,Tokyo,Premium,Agent,5,3523,194,Completed,UPI,Bob,5
ORD00685,C0186,2025-04-30,2025-08-28,Bangkok,Luxury,Agent,4,1919,184,Cancelled,UPI,Alice,7
ORD00686,C0049,2025-03-03,2025-08-03,Dubai,Premium,Agent,1,3712,95,Completed,Bank Transfer,Bob,6
ORD00687,C0189,2025-05-26,2026-11-06,London,Premium,Website,4,279,108,Pending,UPI,Charlie,7
ORD00688,C0151,2025-08-04,2025-02-02,Paris,Standard,Mobile App,5,390,161,Pending,Bank Transfer,Dana,8
ORD00689,C0053,2024-03-06,2026-07-02,Dubai,Standard,Mobile App,1,3400,84,Pending,UPI,Charlie,3
ORD00690,C0044,2025-11-22,2026-07-21,Paris,Standard,Agent,5,1054,125,Completed,Card,Bob,3
ORD00691,C0099,2024-07-29,2025-08-27,London,Luxury,Agent,1,2525,116,Completed,UPI,Alice,4
ORD00692,C0084,2025-02-04,2025-06-10,Tokyo,Standard,Agent,4,3565,122,Pending,Card,Dana,5
ORD00693,C0034,2024-11-13,2026-03-19,Dubai,Standard,Agent,5,1884,79,Pending,Card,Dana,6
ORD00694,C0052,2024-05-26,2026-04-02,Tokyo,Premium,Agent,2,260,134,Cancelled,Bank Transfer,Dana,9
ORD00695,C0119,2024-02-10,2025-04-04,London,Luxury,Mobile App,3,4919,179,Pending,UPI,Dana,11
ORD00696,C0045,2024-09-12,2025-07-03,Bangkok,Luxury,Mobile App,4,3600,98,Pending,Card,Alice,8
ORD00697,C0179,2024-09-02,2025-06-11,London,Luxury,Agent,3,557,170,Completed,Bank Transfer,Bob,9
ORD00698,C0106,2024-05-04,2026-01-13,Tokyo,Standard,Agent,3,4728,104,Cancelled,Card,Charlie,5
ORD00699,C0130,2025-04-18,2025-01-28,Tokyo,Luxury,Agent,4,565,97,Cancelled,Bank Transfer,Dana,5
ORD00700,C0102,2024-01-11,2025-09-14,Tokyo,Luxury,Website,3,509,171,Pending,UPI,Dana,9
ORD00701,C0018,2025-07-15,2026-11-04,Paris,Luxury,Mobile App,2,876,120,Cancelled,Card,Bob,2
ORD00702,C0156,2024-06-30,2025-10-29,Tokyo,Luxury,Agent,4,1023,43,Completed,Bank Transfer,Alice,12
ORD00703,C0070,2025-03-27,2026-01-02,Paris,Standard,Agent,1,1457,172,Pending,Card,Dana,13
ORD00704,C0013,2025-10-18,2026-11-10,Tokyo,Premium,Agent,3,4483,113,Completed,Bank Transfer,Alice,2
ORD00705,C0198,2024-07-25,2025-09-13,London,Standard,Website,1,3291,4,Cancelled,Card,Alice,7
ORD00706,C0050,2024-08-13,2025-04-09,Paris,Luxury,Website,1,717,106,Pending,Card,Charlie,7
ORD00707,C0144,2025-10-01,2025-08-01,Bangkok,Premium,Mobile App,1,1752,59,Completed,Card,Charlie,7
ORD00708,C0045,2025-02-15,2026-11-01,London,Standard,Mobile App,2,322,117,Completed,Card,Charlie,12
ORD00709,C0160,2024-02-14,2025-03-10,Paris,Premium,Mobile App,5,3222,127,Completed,Bank Transfer,Bob,6
ORD00710,C0025,2025-10-08,2026-02-02,Paris,Premium,Website,3,2857,170,Cancelled,Card,Charlie,2
ORD00711,C0156,2025-04-04,2026-01-27,Bangkok,Luxury,Agent,2,4992,128,Pending,Bank Transfer,Alice,5
ORD00712,C0006,2024-11-12,2025-08-31,Dubai,Standard,Agent,1,1216,15,Completed,UPI,Dana,6
ORD00713,C0052,2025-01-19,2025-07-29,Tokyo,Standard,Agent,5,1442,113,Pending,UPI,Bob,6
ORD00714,C0082,2025-06-17,2026-03-01,London,Standard,Website,3,524,87,Completed,Card,Alice,12
ORD00715,C0064,2025-09-14,2026-01-26,Bangkok,Premium,Website,4,2022,161,Completed,Card,Dana,3
ORD00716,C0050,2025-10-11,2025-05-25,Paris,Standard,Website,2,626,151,Pending,Card,Bob,10
ORD00717,C0021,2025-04-23,2025-11-15,Paris,Luxury,Website,2,3691,108,Completed,Bank Transfer,Bob,6
ORD00718,C0074,2025-04-04,2026-10-13,Paris,Premium,Mobile App,1,4922,92,Cancelled,UPI,Bob,9
ORD00719,C0113,2025-06-01,2026-09-17,Dubai,Standard,Mobile App,1,3662,195,Cancelled,UPI,Alice,14
ORD00720,C0077,2024-06-05,2026-07-21,Paris,Premium,Mobile App,4,4600,78,Cancelled,UPI,Dana,10
ORD00721,C0156,2024-03-14,2025-12-08,Paris,Luxury,Mobile App,2,4139,39,Completed,Card,Alice,10
ORD00722,C0187,2025-05-18,2026-02-19,Dubai,Premium,Agent,3,3265,98,Cancelled,UPI,Alice,8
ORD00723,C0010,2025-01-29,2026-08-03,Paris,Standard,Mobile App,3,1219,197,Pending,UPI,Dana,12
ORD00724,C0177,2024-02-29,2026-10-29,Dubai,Premium,Agent,2,3216,62,Cancelled,Card,Charlie,12
ORD00725,C0181,2025-11-12,2026-10-23,Paris,Premium,Agent,4,431,174,Completed,UPI,Bob,11
ORD00726,C0149,2024-01-13,2025-04-30,Tokyo,Luxury,Agent,4,1522,101,Pending,Bank Transfer,Alice,10
ORD00727,C0049,2024-06-18,2026-03-14,London,Luxury,Mobile App,5,3664,136,Pending,UPI,Charlie,13
ORD00728,C0106,2024-04-21,2026-10-14,Bangkok,Premium,Website,3,928,191,Completed,Bank Transfer,Dana,13
ORD00729,C0079,2024-06-21,2026-05-19,Tokyo,Standard,Website,4,252,134,Cancelled,Bank Transfer,Charlie,13
ORD00730,C0111,2024-06-29,2026-01-19,Paris,Luxury,Website,2,1597,124,Completed,Bank Transfer,Alice,9
ORD00731,C0146,2024-07-09,2025-07-25,Tokyo,Luxury,Website,2,1941,66,Cancelled,UPI,Alice,12
ORD00732,C0043,2024-10-27,2025-03-29,Dubai,Standard,Mobile App,1,853,87,Completed,Bank Transfer,Bob,9
ORD00733,C0125,2024-01-10,2025-03-04,London,Standard,Agent,5,1025,10,Completed,Card,Alice,8
ORD00734,C0155,2024-09-29,2026-05-13,Dubai,Premium,Agent,4,4460,86,Cancelled,Bank Transfer,Charlie,7
ORD00735,C0062,2025-11-12,2026-02-13,Dubai,Luxury,Website,3,3159,84,Completed,Card,Dana,13
ORD00736,C0103,2024-01-27,2026-09-09,Tokyo,Luxury,Mobile App,2,1337,94,Cancelled,Bank Transfer,Dana,10
ORD00737,C0106,2024-01-04,2026-10-16,London,Standard,Agent,3,1739,11,Pending,UPI,Dana,5
ORD00738,C0156,2025-02-13,2026-09-20,Tokyo,Premium,Mobile App,4,4169,168,Pending,Card,Dana,6
ORD00739,C0156,2024-05-26,2026-06-17,Bangkok,Luxury,Agent,1,1798,32,Cancelled,Card,Charlie,12
ORD00740,C0141,2024-06-21,2026-04-02,Tokyo,Premium,Agent,5,4024,61,Completed,Card,Bob,14
ORD00741,C0169,2024-04-18,2026-03-22,Tokyo,Standard,Mobile App,4,932,196,Cancelled,Card,Charlie,12
ORD00742,C0122,2025-11-12,2025-05-20,Bangkok,Luxury,Agent,4,1208,23,Pending,UPI,Bob,11
ORD00743,C0197,2025-10-21,2025-12-18,Dubai,Luxury,Agent,4,729,167,Pending,Bank Transfer,Dana,14
ORD00744,C0060,2024-09-22,2025-04-29,London,Standard,Website,1,2031,87,Pending,Bank Transfer,Bob,13
ORD00745,C0030,2025-01-11,2025-05-11,London,Premium,Agent,1,4892,79,Completed,Bank Transfer,Bob,8
ORD00746,C0109,2025-01-08,2026-11-27,Paris,Luxury,Agent,5,2818,151,Completed,Card,Dana,2
ORD00747,C0138,2024-11-19,2025-05-29,London,Standard,Mobile App,4,3973,37,Pending,UPI,Bob,13
ORD00748,C0171,2025-09-05,2025-11-24,London,Luxury,Agent,1,481,70,Pending,Bank Transfer,Dana,12
ORD00749,C0056,2024-10-25,2026-01-21,Tokyo,Premium,Website,2,4255,187,Completed,Bank Transfer,Alice,14
ORD00750,C0046,2025-02-05,2025-11-03,Paris,Standard,Agent,4,4193,86,Cancelled,Bank Transfer,Dana,7
ORD00751,C0194,2025-02-04,2025-03-15,Bangkok,Luxury,Mobile App,3,3406,178,Completed,Bank Transfer,Dana,3
ORD00752,C0034,2025-08-17,2025-02-25,London,Premium,Agent,2,2849,147,Completed,UPI,Dana,6
ORD00753,C0038,2024-08-11,2025-07-20,Tokyo,Premium,Agent,5,1918,26,Pending,Card,Dana,8
ORD00754,C0174,2024-02-27,2025-04-09,London,Premium,Website,1,1578,30,Pending,Bank Transfer,Charlie,11
ORD00755,C0112,2025-10-04,2026-02-18,Paris,Standard,Website,2,1417,101,Cancelled,UPI,Bob,12
ORD00756,C0191,2025-11-17,2026-11-06,Tokyo,Premium,Agent,4,3275,70,Pending,Bank Transfer,Dana,7
ORD00757,C0003,2024-04-29,2025-03-26,Tokyo,Premium,Agent,5,1183,57,Completed,Bank Transfer,Dana,6
ORD00758,C0178,2025-08-30,2025-07-05,Dubai,Premium,Agent,4,974,76,Pending,Card,Alice,7
ORD00759,C0017,2024-07-08,2026-02-20,Tokyo,Premium,Agent,5,4603,200,Pending,UPI,Alice,10
ORD00760,C0150,2025-10-29,2025-05-08,Paris,Luxury,Website,2,4615,153,Pending,Card,Alice,10
ORD00761,C0115,2024-05-05,2025-02-10,Paris,Luxury,Website,2,2774,22,Pending,UPI,Alice,3
ORD00762,C0032,2024-11-01,2026-01-08,Bangkok,Standard,Mobile App,1,4346,63,Cancelled,Card,Charlie,12
ORD00763,C0137,2024-05-23,2026-08-14,Dubai,Luxury,Mobile App,5,3844,90,Pending,Bank Transfer,Bob,13
ORD00764,C0026,2024-08-30,2025-02-07,Paris,Standard,Mobile App,2,566,34,Pending,Bank Transfer,Bob,11
ORD00765,C0092,2024-05-11,2026-09-30,Dubai,Standard,Agent,3,2472,66,Cancelled,Bank Transfer,Bob,8
ORD00766,C0117,2024-09-17,2026-11-24,Dubai,Luxury,Website,5,882,52,Completed,Bank Transfer,Charlie,12
ORD00767,C0179,2025-01-16,2026-08-01,Bangkok,Luxury,Website,4,1778,39,Cancelled,UPI,Dana,2
ORD00768,C0155,2024-03-20,2025-10-04,Tokyo,Luxury,Website,5,2227,104,Completed,UPI,Alice,7
ORD00769,C0086,2024-05-29,2025-08-20,London,Standard,Website,4,2438,56,Cancelled,Card,Alice,4
ORD00770,C0135,2025-08-25,2026-05-17,Tokyo,Luxury,Mobile App,5,2711,72,Pending,UPI,Alice,2
ORD00771,C0044,2025-02-02,2025-07-05,London,Luxury,Agent,5,2805,141,Pending,UPI,Dana,11
ORD00772,C0033,2024-01-10,2026-06-10,Paris,Luxury,Website,2,2322,96,Pending,Bank Transfer,Charlie,2
ORD00773,C0186,2024-09-12,2026-11-26,Bangkok,Premium,Agent,4,3232,46,Cancelled,UPI,Dana,10
ORD00774,C0074,2025-03-14,2026-06-18,Paris,Premium,Agent,1,2459,78,Cancelled,UPI,Alice,12
ORD00775,C0021,2024-09-02,2025-04-06,Paris,Luxury,Website,1,828,190,Cancelled,Bank Transfer,Dana,14
ORD00776,C0003,2025-11-24,2026-06-05,Paris,Premium,Mobile App,5,3673,175,Pending,Bank Transfer,Alice,8
ORD00777,C0004,2024-01-08,2026-03-12,Bangkok,Luxury,Mobile App,2,1757,189,Pending,Bank Transfer,Alice,11
ORD00778,C0115,2025-11-21,2026-06-21,Paris,Standard,Website,3,1580,34,Pending,UPI,Alice,8
ORD00779,C0127,2024-06-23,2026-01-18,Tokyo,Premium,Agent,2,3305,138,Completed,UPI,Charlie,9
ORD00780,C0076,2024-08-06,2025-01-03,Bangkok,Premium,Website,3,2368,164,Pending,Card,Dana,11
ORD00781,C0125,2024-12-30,2025-01-07,Bangkok,Premium,Mobile App,3,671,90,Completed,Card,Charlie,13
ORD00782,C0048,2024-12-29,2025-01-10,Tokyo,Premium,Mobile App,2,3493,21,Pending,Bank Transfer,Bob,8
ORD00783,C0032,2024-01-08,2025-06-09,London,Standard,Mobile App,4,4192,95,Cancelled,UPI,Dana,4
ORD00784,C0138,2024-04-21,2026-03-26,Dubai,Standard,Website,3,2407,191,Cancelled,Card,Charlie,13
ORD00785,C0051,2024-07-13,2025-10-19,Tokyo,Standard,Mobile App,4,1106,190,Cancelled,Card,Bob,12
ORD00786,C0051,2025-11-12,2025-09-30,Tokyo,Premium,Mobile App,5,4126,126,Pending,Bank Transfer,Bob,7
ORD00787,C0193,2025-05-28,2026-02-03,Paris,Standard,Website,1,3475,32,Completed,UPI,Alice,14
ORD00788,C0176,2024-02-23,2026-11-26,London,Premium,Agent,1,2137,111,Cancelled,UPI,Charlie,9
ORD00789,C0022,2024-09-10,2026-09-25,Paris,Luxury,Agent,2,3713,63,Cancelled,Card,Charlie,13
ORD00790,C0064,2024-07-22,2026-05-01,Tokyo,Luxury,Agent,5,3715,156,Completed,Card,Bob,5
ORD00791,C0031,2025-02-14,2025-02-09,London,Standard,Website,4,1283,4,Pending,Card,Alice,2
ORD00792,C0098,2025-06-21,2025-11-10,Paris,Standard,Mobile App,4,3536,122,Completed,Bank Transfer,Dana,12
ORD00793,C0014,2024-04-22,2025-10-03,London,Premium,Mobile App,4,2692,63,Cancelled,Card,Bob,2
ORD00794,C0001,2025-11-07,2025-11-26,Paris,Premium,Mobile App,3,627,155,Completed,UPI,Bob,6
ORD00795,C0126,2024-12-08,2025-11-08,Tokyo,Standard,Agent,1,3178,174,Pending,Card,Charlie,7
ORD00796,C0190,2025-08-26,2026-06-26,Bangkok,Premium,Website,3,3160,53,Pending,UPI,Alice,3
ORD00797,C0034,2024-02-12,2026-08-24,Paris,Standard,Agent,4,1185,25,Completed,Bank Transfer,Charlie,6
ORD00798,C0186,2024-07-25,2026-07-01,Paris,Standard,Website,2,4084,107,Pending,Bank Transfer,Charlie,14
ORD00799,C0144,2025-01-09,2026-04-05,Tokyo,Premium,Website,4,3045,107,Pending,Bank Transfer,Alice,4
ORD00800,C0154,2024-05-12,2025-10-24,Tokyo,Luxury,Website,2,2445,189,Cancelled,UPI,Alice,4
